83,4,BN60301,10.22.103.101,38:22:e2:1e:22:22
84,4,BN60302,10.22.103.102,38:22:e2:1c:ea:fe
85,4,BN60303,10.22.103.103,38:22:e2:1e:1f:e8
86,4,BN60304,10.22.103.104,38:22:e2:1c:eb:19
87,4,BN60305,10.22.103.105,38:22:e2:1e:20:00
88,4,BN60306,10.22.103.106,38:22:e2:1e:22:30
89,4,BN60307,10.22.103.107,38:22:e2:1e:1f:e7
90,4,BN60308,10.22.103.108,38:22:e2:1c:eb:64
91,4,BN60309,10.22.103.109,38:22:e2:1e:22:2c
92,4,BN60310,10.22.103.110,38:22:e2:1e:1f:cd
93,4,BN60311,10.22.103.111,38:22:e2:1c:eb:98
94,4,BN60312,10.22.103.112,38:22:e2:1e:1f:65
95,4,BN60313,10.22.103.113,38:22:e2:1e:1f:56
96,4,BN60314,10.22.103.114,38:22:e2:1e:22:2b
97,4,BN60315,10.22.103.115,38:22:e2:1c:eb:94
98,4,BN60316,10.22.103.116,38:22:e2:1c:eb:8f
99,4,BN60317,10.22.103.117,38:22:e2:1c:ea:f9
100,4,BN60318,10.22.103.118,38:22:e2:1e:1f:55
101,4,BN60319,10.22.103.119,38:22:e2:1c:ea:fa
102,4,BN60320,10.22.103.120,38:22:e2:1e:22:36
103,4,BN60321,10.22.103.121,38:22:e2:1e:22:20
104,4,BN60322,10.22.103.122,38:22:e2:1c:eb:41
105,4,BN60323,10.22.103.123,38:22:e2:1e:1f:e5
106,4,BN60324,10.22.103.124,38:22:e2:1c:eb:8b
107,4,BN60325,10.22.103.125,38:22:e2:1e:22:28
108,4,BN60326,10.22.103.126,38:22:e2:1e:30:99
109,4,BN60327,10.22.103.127,38:22:e2:1c:eb:97
110,4,BN60328,10.22.103.128,38:22:e2:1c:eb:99
111,4,BN60329,10.22.103.129,38:22:e2:1e:25:cc
112,4,BN60330,10.22.103.130,38:22:e2:1e:22:1c
113,4,BN60331,10.22.103.131,38:22:e2:1e:1f:d3
114,4,BN60332,10.22.103.132,38:22:e2:1c:eb:9a
115,4,BN60333,10.22.103.133,38:22:e2:1e:1f:e9
116,4,BN60334,10.22.103.134,38:22:e2:1e:21:3d
117,4,BN60335,10.22.103.135,38:22:e2:1c:ea:d2
118,4,BN60336,10.22.103.136,38:22:e2:1c:eb:8d
119,4,BN60337,10.22.103.137,38:22:e2:1e:22:25
120,4,BN60338,10.22.103.138,38:22:e2:1c:ea:04
121,4,BN60339,10.22.103.139,38:22:e2:1e:22:1b
122,4,BN60340,10.22.103.140,38:22:e2:1c:e8:e6
123,4,BN60341,10.22.103.141,38:22:e2:1e:22:1d
124,5,BN60401,10.22.104.101,C4:65:16:B7:CF:32
125,5,BN60402,10.22.104.102,C4:65:16:B7:DB:22
126,5,BN60403,10.22.104.103,C4:65:16:B6:BB:27
127,5,BN60404,10.22.104.104,C4:65:16:B7:DA:AC
128,5,BN60405,10.22.104.105,C4:65:16:B7:C9:70
129,5,BN60406,10.22.104.106,C4:65:16:B7:D2:89
130,5,BN60407,10.22.104.107,C4:65:16:B7:CF:33
131,5,BN60408,10.22.104.108,C4:65:16:B7:CF:29
132,5,BN60409,10.22.104.109,C4:65:16:B7:CF:2F
133,5,BN60410,10.22.104.110,C4:65:16:9C:8A:28
134,5,BN60411,10.22.104.111,C4:65:16:9C:91:5E
135,5,BN60412,10.22.104.112,C4:65:16:9B:B4:DE
136,5,BN60413,10.22.104.113,C4:65:16:9A:FB:38
137,5,BN60414,10.22.104.114,C4:65:16:9C:8E:83
138,5,BN60415,10.22.104.115,C4:65:16:B7:D5:1A
139,5,BN60416,10.22.104.116,C4:65:16:B7:D5:2D
140,5,BN60417,10.22.104.117,C4:65:16:B7:DB:2A
141,5,BN60418,10.22.104.118,C4:65:16:9C:8F:37
142,5,BN60419,10.22.104.119,C4:65:16:B7:DA:C3
143,5,BN60420,10.22.104.120,C4:65:16:B7:D0:78
144,5,BN60421,10.22.104.121,C4:65:16:9C:91:82
145,5,BN60422,10.22.104.122,C4:65:16:9B:AC:5C
146,5,BN60423,10.22.104.123,C4:65:16:9C:91:91
147,5,BN60424,10.22.104.124,C4:65:16:9B:B3:82
148,5,BN60425,10.22.104.125,C4:65:16:B6:BB:10
149,5,BN60426,10.22.104.126,C4:65:16:9A:F7:3D
150,5,BN60427,10.22.104.127,C4:65:16:9B:B0:1D
151,5,BN60428,10.22.104.128,C4:65:16:9B:A8:B8
152,5,BN60429,10.22.104.129,C4:65:16:B6:BB:6D
153,5,BN60430,10.22.104.130,C4:65:16:B7:DA:A1
154,5,BN60431,10.22.104.131,C4:65:16:9B:B1:6C
155,5,BN60432,10.22.104.132,C4:65:16:9B:B0:5A
156,5,BN60433,10.22.104.133,C4:65:16:B7:DB:10
157,5,BN60434,10.22.104.134,C4:65:16:B7:D0:76
158,5,BN60435,10.22.104.135,C4:65:16:9B:B6:5F
159,5,BN60436,10.22.104.136,C4:65:16:9B:AE:96
160,5,BN60437,10.22.104.137,C4:65:16:B6:BB:23
161,5,BN60438,10.22.104.138,C4:65:16:9A:85:42
163,5,BN60440,10.22.104.140,C4:65:16:9A:76:C1
164,5,BN60441,10.22.104.141,C4:65:16:9C:8E:E8
165,6,BN60501,10.22.105.101,DC:4A:3E:68:9D:E1
166,6,BN60502,10.22.105.102,DC:4A:3E:6C:CD:84
167,6,BN60503,10.22.105.103,DC:4A:3E:6C:C3:AD
168,6,BN60504,10.22.105.104,DC:4A:3E:6C:CD:6A
169,6,BN60505,10.22.105.105,48:0F:CF:66:0F:62
170,6,BN60506,10.22.105.106,DC:4A:3E:6C:CC:DF
171,6,BN60507,10.22.105.107,DC:4A:3E:68:96:81
172,6,BN60508,10.22.105.108,DC:4A:3E:68:9A:FB
173,6,BN60509,10.22.105.109,DC:4A:3E:68:9D:98
174,6,BN60510,10.22.105.110,DC:4A:3E:6C:C3:A7
175,6,BN60511,10.22.105.111,DC:4A:3E:68:9D:C7
176,6,BN60512,10.22.105.112,DC:4A:3E:6B:4C:19
177,6,BN60513,10.22.105.113,DC:4A:3E:68:9D:CA
178,6,BN60514,10.22.105.114,DC:4A:3E:6B:52:C4
179,6,BN60515,10.22.105.115,8C:DC:D4:26:27:B7
180,6,BN60516,10.22.105.116,DC:4A:3E:68:9D:17
181,6,BN60517,10.22.105.117,DC:4A:3E:6C:C9:E8
182,6,BN60518,10.22.105.118,DC:4A:3E:68:95:B9
183,6,BN60519,10.22.105.119,DC:4A:3E:68:9D:99
184,6,BN60520,10.22.105.120,DC:4A:3E:68:9D:BA
185,6,BN60521,10.22.105.121,DC:4A:3E:68:9D:CC
186,6,BN60522,10.22.105.122,DC:4A:3E:6B:52:84
187,6,BN60523,10.22.105.123,DC:4A:3E:6C:CD:81
188,6,BN60524,10.22.105.124,DC:4A:3E:68:9D:58
189,6,BN60525,10.22.105.125,DC:4A:3E:6C:CD:AD
190,6,BN60526,10.22.105.126,DC:4A:3E:6B:4C:1C
191,6,BN60527,10.22.105.127,DC:4A:3E:6C:CD:2B
192,6,BN60528,10.22.105.128,DC:4A:3E:6C:CA:CE
193,6,BN60529,10.22.105.129,DC:4A:3E:6C:CA:07
194,6,BN60530,10.22.105.130,DC:4A:3E:68:9D:4E
195,6,BN60531,10.22.105.131,DC:4A:3E:6B:4C:12
196,6,BN60532,10.22.105.132,DC:4A:3E:6C:C4:EE
197,6,BN60533,10.22.105.133,DC:4A:3E:6B:50:53
198,6,BN60534,10.22.105.134,DC:4A:3E:68:9D:3F
199,6,BN60535,10.22.105.135,DC:4A:3E:68:96:77
200,6,BN60536,10.22.105.136,DC:4A:3E:6C:CC:08
201,6,BN60537,10.22.105.137,DC:4A:3E:68:9C:9E
202,6,BN60538,10.22.105.138,DC:4A:3E:6B:52:C5
203,6,BN60539,10.22.105.139,DC:4A:3E:68:9B:04
204,6,BN60540,10.22.105.140,DC:4A:3E:68:96:A0
205,6,BN60541,10.22.105.141,DC:4A:3E:6C:C6:B9
211,7,BN60601,10.22.106.101,C4:65:16:B7:DA:C6
212,7,BN60602,10.22.106.102,C4:65:16:B7:DA:D1
213,7,BN60603,10.22.106.103,C4:65:16:9C:8A:10
214,7,BN60604,10.22.106.104,C4:65:16:B6:BE:12
215,7,BN60605,10.22.106.105,C4:65:16:B7:CF:2B
216,7,BN60606,10.22.106.106,C4:65:16:9B:AE:7D
217,7,BN60607,10.22.106.107,C4:65:16:9B:A8:9D
218,7,BN60608,10.22.106.108,C4:65:16:9B:B1:B5
219,7,BN60609,10.22.106.109,C4:65:16:B7:CE:22
220,7,BN60610,10.22.106.110,C4:65:16:B7:D0:77
221,7,BN60611,10.22.106.111,C4:65:16:B7:CF:23
222,7,BN60612,10.22.106.112,C4:65:16:9B:B2:2D
223,7,BN60613,10.22.106.113,C4:65:16:9A:85:45
224,7,BN60614,10.22.106.114,C4:65:16:9B:AE:3E
225,7,BN60615,10.22.106.115,C4:65:16:B7:DA:D4
226,7,BN60616,10.22.106.116,C4:65:16:9B:B0:9F
227,7,BN60617,10.22.106.117,C4:65:16:B7:C7:EA
228,7,BN60618,10.22.106.118,C4:65:16:9A:FE:63
229,7,BN60619,10.22.106.119,C4:65:16:B6:BA:D7
230,7,BN60620,10.22.106.120,C4:65:16:B6:BE:5F
231,7,BN60621,10.22.106.121,C4:65:16:9B:B5:A6
232,7,BN60622,10.22.106.122,C4:65:16:B8:0A:85
233,7,BN60623,10.22.106.123,C4:65:16:B7:D6:6E
234,7,BN60624,10.22.106.124,C4:65:16:B7:C7:D8
235,7,BN60625,10.22.106.125,C4:65:16:9B:AF:BD
236,7,BN60626,10.22.106.126,C4:65:16:9B:A9:21
237,7,BN60627,10.22.106.127,C4:65:16:9C:91:5D
238,7,BN60628,10.22.106.128,C4:65:16:9C:8F:32
239,7,BN60629,10.22.106.129,C4:65:16:9C:8E:E2
240,7,BN60630,10.22.106.130,C4:65:16:B6:BB:1C
241,7,BN60631,10.22.106.131,C4:65:16:B7:D5:AA
242,7,BN60632,10.22.106.132,C4:65:16:9B:AE:74
243,7,BN60633,10.22.106.133,C4:65:16:9C:8A:D2
244,7,BN60634,10.22.106.134,C4:65:16:9C:8E:E1
245,7,BN60635,10.22.106.135,C4:65:16:9C:91:8E
246,7,BN60636,10.22.106.136,C4:65:16:B7:CE:2A
247,7,BN60637,10.22.106.137,C4:65:16:9B:B7:99
248,7,BN60638,10.22.106.138,C4:65:16:9B:AB:05
249,7,BN60639,10.22.106.139,C4:65:16:9B:B4:91
250,7,BN60640,10.22.106.140,C4:65:16:9B:B5:7A
251,7,BN60641,10.22.106.141,C4:65:16:B7:D0:49
252,8,BN60701,10.22.107.101,DC:4A:3E:6B:4C:A2
253,8,BN60702,10.22.107.102,DC:4A:3E:6B:4C:9C
254,8,BN60703,10.22.107.103,48:0F:CF:63:F2:97
255,8,BN60704,10.22.107.104,48:0F:CF:65:20:ED
256,8,BN60705,10.22.107.105,48:0f:cf:65:20:f0
257,8,BN60706,10.22.107.106,DC:4A:3E:68:96:4A
258,8,BN60707,10.22.107.107,DC:4A:3E:68:97:24
259,8,BN60708,10.22.107.108,48:0F:CF:65:20:EE
260,8,BN60709,10.22.107.109,48:0F:CF:64:31:DE
261,8,BN60710,10.22.107.110,48:0F:CF:64:32:C5
262,8,BN60711,10.22.107.111,48:0f:cf:65:20:50
263,8,BN60712,10.22.107.112,DC:4A:3E:6C:C6:A1
264,8,BN60713,10.22.107.113,48:0F:CF:65:20:9C
265,8,BN60714,10.22.107.114,DC:4A:3E:6C:C6:45
266,8,BN60715,10.22.107.115,DC:4A:3E:6C:C6:B7
267,8,BN60716,10.22.107.116,48:0F:CF:63:F2:94
268,8,BN60717,10.22.107.117,DC:4A:3E:68:97:01
269,8,BN60718,10.22.107.118,DC:4A:3E:6C:C6:C2
270,8,BN60719,10.22.107.119,DC:4A:3E:6B:4C:89
271,8,BN60720,10.22.107.120,48:0F:CF:63:F2:99
272,8,BN60721,10.22.107.121,DC:4A:3E:6C:C6:AF
273,8,BN60722,10.22.107.122,48:0F:CF:5C:75:E3
274,8,BN60723,10.22.107.123,DC:4A:3E:6B:4C:A1
275,8,BN60724,10.22.107.124,48:0F:CF:63:F2:88
276,8,BN60725,10.22.107.125,DC:4A:3E:68:9D:B1
277,8,BN60726,10.22.107.126,48:0F:CF:64:32:BD
278,8,BN60727,10.22.107.127,DC:4A:3E:6C:C5:78
279,8,BN60728,10.22.107.128,DC:4A:3E:6C:C6:BA
280,8,BN60729,10.22.107.129,DC:4A:3E:68:97:02
281,8,BN60730,10.22.107.130,DC:4A:3E:6C:C4:42
282,8,BN60731,10.22.107.131,DC:4A:3E:6C:CD:83
283,8,BN60732,10.22.107.132,DC:4A:3E:6C:CD:96
284,8,BN60733,10.22.107.133,DC:4A:3E:6B:52:C1
285,8,BN60734,10.22.107.134,DC:4A:3E:6B:4B:46
286,8,BN60735,10.22.107.135,DC:4A:3E:6C:CD:89
287,8,BN60736,10.22.107.136,DC:4A:3E:6B:4C:0D
289,8,BN60738,10.22.107.138,DC:4A:3E:6B:4C:2B
290,8,BN60739,10.22.107.139,DC:4A:3E:6C:CC:86
291,8,BN60740,10.22.107.140,DC:4A:3E:6C:C5:EA
292,8,BN60741,10.22.107.141,DC:4A:3E:6C:CC:6E
293,8,BN60742,10.22.107.142,DC:4A:3E:68:96:9C
294,8,BN60743,10.22.107.143,DC:4A:3E:68:9D:AD
295,8,BN60744,10.22.107.144,DC:4A:3E:68:9D:67
296,8,BN60745,10.22.107.145,dc:4a:3e:6b:52:c7
297,8,BN60746,10.22.107.146,dc:4a:3e:68:9d:b6
298,9,BN60801,10.22.108.101,C4:65:16:B7:DA:AF
299,9,BN60802,10.22.108.102,C4:65:16:9C:98:5F
300,9,BN60803,10.22.108.103,C4:65:16:B7:DA:AE
301,9,BN60804,10.22.108.104,C4:65:16:B6:BB:18
302,9,BN60805,10.22.108.105,C4:65:16:9B:B5:A4
303,9,BN60806,10.22.108.106,C4:65:16:B7:CE:31
304,9,BN60808,10.22.108.108,C4:65:16:B7:CF:7E
305,9,BN60809,10.22.108.109,C4:65:16:B6:B7:94
306,9,BN60810,10.22.108.110,C4:65:16:9B:B0:30
307,9,BN60811,10.22.108.111,C4:65:16:B7:D0:7A
308,9,BN60812,10.22.108.112,C4:65:16:9B:AE:9A
309,9,BN60813,10.22.108.113,C4:65:16:B7:CE:28
310,9,BN60814,10.22.108.114,C4:65:16:9B:AB:E5
311,9,BN60815,10.22.108.115,C4:65:16:B7:DA:AB
312,9,BN60816,10.22.108.116,C4:65:16:9A:7A:28
313,9,BN60817,10.22.108.117,C4:65:16:9B:A7:A9
314,9,BN60818,10.22.108.118,C4:65:16:B7:DA:A9
315,9,BN60819,10.22.108.119,C4:65:16:B7:D5:11
316,9,BN60820,10.22.108.120,C4:65:16:B7:CF:24
317,9,BN60821,10.22.108.121,C4:65:16:9B:B2:85
318,9,BN60822,10.22.108.122,C4:65:16:B7:C5:DF
319,9,BN60823,10.22.108.123,C4:65:16:B7:DA:D5
320,9,BN60824,10.22.108.124,C4:65:16:B7:CF:C9
321,9,BN60825,10.22.108.125,C4:65:16:B7:C5:18
322,9,BN60826,10.22.108.126,C4:65:16:B6:BF:4B
323,9,BN60827,10.22.108.127,C4:65:16:B7:DA:B1
324,9,BN60828,10.22.108.128,C4:65:16:B7:CF:E3
325,9,BN60829,10.22.108.129,C4:65:16:9B:B7:98
326,9,BN60830,10.22.108.130,C4:65:16:9B:AF:45
327,9,BN60831,10.22.108.131,C4:65:16:9C:99:66
328,9,BN60832,10.22.108.132,C4:65:16:9C:89:C2
329,9,BN60833,10.22.108.133,C4:65:16:B6:BA:81
330,9,BN60834,10.22.108.134,C4:65:16:B7:DB:1F
331,9,BN60835,10.22.108.135,C4:65:16:B6:B9:95
332,9,BN60836,10.22.108.136,C4:65:16:B6:B8:27
333,9,BN60837,10.22.108.137,C4:65:16:B7:DA:D2
334,9,BN60838,10.22.108.138,C4:65:16:B7:D5:BF
335,9,BN60839,10.22.108.139,C4:65:16:9C:8E:85
336,9,BN60840,10.22.108.140,C4:65:16:9B:A8:F5
337,9,BN60841,10.22.108.141,C4:65:16:9A:85:BC
338,10,BN60901,10.22.109.101,DC:4A:3E:6B:4C:91
339,10,BN60902,10.22.109.102,DC:4A:3E:6C:CD:A5
340,10,BN60903,10.22.109.103,DC:4A:3E:68:9D:15
341,10,BN60904,10.22.109.104,DC:4A:3E:6C:C6:D5
342,10,BN60905,10.22.109.105,DC:4A:3E:6B:4C:2D
343,10,BN60906,10.22.109.106,48:0F:CF:64:32:CC
344,10,BN60907,10.22.109.107,DC:4A:3E:68:97:05
345,10,BN60908,10.22.109.108,DC:4A:3E:6B:4C:A8
346,10,BN60909,10.22.109.109,DC:4A:3E:6B:4C:A6
347,10,BN60910,10.22.109.110,DC:4A:3E:68:96:FF
348,10,BN60911,10.22.109.111,DC:4A:3E:68:97:07
349,10,BN60912,10.22.109.112,DC:4A:3E:6B:4C:8C
350,10,BN60913,10.22.109.113,48:0F:CF:64:32:D1
351,10,BN60914,10.22.109.114,DC:4A:3E:68:96:B6
352,10,BN60915,10.22.109.115,48:0F:CF:61:78:7C
353,10,BN60916,10.22.109.116,48:0F:CF:65:20:E4
354,10,BN60917,10.22.109.117,DC:4A:3E:6C:C6:DE
355,10,BN60918,10.22.109.118,48:0F:CF:63:F2:9E
356,10,BN60919,10.22.109.119,48:0F:CF:60:F5:99
357,10,BN60920,10.22.109.120,48:0F:CF:64:32:CA
358,10,BN60921,10.22.109.121,DC:4A:3E:6C:C6:C0
359,10,BN60922,10.22.109.122,DC:4A:3E:68:97:19
360,10,BN60923,10.22.109.123,DC:4A:3E:68:97:23
361,10,BN60924,10.22.109.124,DC:4A:3E:6C:C6:BD
362,10,BN60925,10.22.109.125,48:0F:CF:64:32:C1
363,10,BN60926,10.22.109.126,DC:4A:3E:6B:4C:A7
364,10,BN60927,10.22.109.127,48:0F:CF:64:9E:E2
365,10,BN60928,10.22.109.128,DC:4A:3E:6C:C6:C3
366,10,BN60929,10.22.109.129,DC:4A:3E:6B:4C:85
367,10,BN60930,10.22.109.130,DC:4A:3E:6B:4C:8E
368,10,BN60931,10.22.109.131,48:0F:CF:64:32:C7
369,10,BN60932,10.22.109.132,DC:4A:3E:6B:4C:68
370,10,BN60933,10.22.109.133,DC:4A:3E:68:97:06
371,10,BN60934,10.22.109.134,DC:4A:3E:68:97:1B
372,10,BN60935,10.22.109.135,DC:4A:3E:68:97:22
373,10,BN60936,10.22.109.136,DC:4A:3E:6B:4C:90
374,10,BN60937,10.22.109.137,DC:4A:3E:6C:C6:E1
375,10,BN60938,10.22.109.138,48:0F:CF:63:F2:9A
376,10,BN60939,10.22.109.139,DC:4A:3E:68:97:08
377,10,BN60940,10.22.109.140,DC:4A:3E:68:97:0A
378,10,BN60941,10.22.109.141,DC:4A:3E:68:96:F9
379,10,BN60942,10.22.109.142,DC:4A:3E:6B:4C:8F
380,10,BN60943,10.22.109.143,DC:4A:3E:6B:4B:F9
381,10,BN60944,10.22.109.144,DC:4A:3E:6B:4B:5F
382,10,BN60945,10.22.109.145,DC:4A:3E:6B:4C:8D
383,10,BN60946,10.22.109.146,DC:4A:3E:6C:C6:DC
384,11,BN61001,10.22.110.101,C4:65:16:B6:B8:67
385,11,BN61002,10.22.110.102,C4:65:16:9B:A8:23
386,11,BN61003,10.22.110.103,C4:65:16:B7:CF:7D
387,11,BN61004,10.22.110.104,C4:65:16:9B:AD:88
388,11,BN61005,10.22.110.105,C4:65:16:9A:F3:5E
389,11,BN61006,10.22.110.106,C4:65:16:9B:AF:6E
390,11,BN61007,10.22.110.107,C4:65:16:B7:CE:26
391,11,BN61008,10.22.110.108,C4:65:16:B7:CF:31
392,11,BN61009,10.22.110.109,C4:65:16:B6:BA:E6
393,11,BN61010,10.22.110.110,C4:65:16:B6:BA:36
394,11,BN61011,10.22.110.111,C4:65:16:B7:DB:48
395,11,BN61012,10.22.110.112,C4:65:16:B6:B8:25
396,11,BN61013,10.22.110.113,C4:65:16:9A:F7:15
397,11,BN61014,10.22.110.114,C4:65:16:9B:AF:1E
398,11,BN61015,10.22.110.115,C4:65:16:9A:FB:DF
399,11,BN61016,10.22.110.116,C4:65:16:B7:CA:0A
400,11,BN61017,10.22.110.117,C4:65:16:B7:DB:29
401,11,BN61018,10.22.110.118,C4:65:16:9C:96:06
402,11,BN61019,10.22.110.119,C4:65:16:B7:CE:2B
403,11,BN61020,10.22.110.120,C4:65:16:9A:F8:A9
404,11,BN61021,10.22.110.121,C4:65:16:B6:BA:D4
405,11,BN61022,10.22.110.122,C4:65:16:B7:DA:DA
406,11,BN61023,10.22.110.123,C4:65:16:B7:DB:21
407,11,BN61024,10.22.110.124,C4:65:16:B6:BE:ED
408,11,BN61025,10.22.110.125,C4:65:16:9B:B7:42
409,11,BN61026,10.22.110.126,C4:65:16:B7:C5:3F
410,11,BN61027,10.22.110.127,C4:65:16:B7:C7:1C
411,11,BN61028,10.22.110.128,C4:65:16:9B:AD:A4
412,11,BN61029,10.22.110.129,C4:65:16:B7:CA:1C
413,11,BN61030,10.22.110.130,C4:65:16:9B:A7:A8
414,11,BN61031,10.22.110.131,C4:65:16:9A:F8:3D
415,11,BN61032,10.22.110.132,C4:65:16:9B:AC:4D
416,11,BN61033,10.22.110.133,C4:65:16:B6:BD:3E
417,11,BN61034,10.22.110.134,C4:65:16:B7:DB:23
418,11,BN61035,10.22.110.135,C4:65:16:9A:81:B3
419,11,BN61036,10.22.110.136,C4:65:16:B6:B7:83
420,11,BN61037,10.22.110.137,C4:65:16:9C:8A:0B
421,11,BN61038,10.22.110.138,C4:65:16:9A:80:3A
422,11,BN61039,10.22.110.139,C4:65:16:9B:A8:37
423,11,BN61040,10.22.110.140,C4:65:16:B7:C9:6F
424,11,BN61041,10.22.110.141,C4:65:16:9B:B1:6D
425,13,BN61301,10.22.113.101,C4:65:16:9C:8A:BF
426,13,BN61302,10.22.113.102,C4:65:16:9C:8E:25
427,13,BN61303,10.22.113.103,C4:65:16:9B:A8:94
428,13,BN61304,10.22.113.104,C4:65:16:9C:8F:81
429,13,BN61305,10.22.113.105,C4:65:16:9C:8D:18
430,13,BN61306,10.22.113.106,C4:65:16:9B:B3:B1
431,13,BN61307,10.22.113.107,C4:65:16:9C:8D:6B
432,13,BN61308,10.22.113.108,C4:65:16:9C:8D:1B
433,13,BN61309,10.22.113.109,C4:65:16:9B:A9:01
434,13,BN61310,10.22.113.110,C4:65:16:9B:AD:A6
435,13,BN61311,10.22.113.111,C4:65:16:9B:AA:6B
436,13,BN61312,10.22.113.112,C4:65:16:9C:8E:E5
437,13,BN61313,10.22.113.113,C4:65:16:9B:B0:05
438,13,BN61314,10.22.113.114,C4:65:16:9C:99:5E
439,13,BN61315,10.22.113.115,C4:65:16:9B:AD:4A
440,13,BN61316,10.22.113.116,C4:65:16:9C:96:37
441,13,BN61317,10.22.113.117,C4:65:16:9B:B1:46
442,13,BN61318,10.22.113.118,C4:65:16:9C:8C:24
443,13,BN61319,10.22.113.119,C4:65:16:9B:AF:BC
444,13,BN61320,10.22.113.120,C4:65:16:9B:A8:29
445,13,BN61321,10.22.113.121,C4:65:16:9C:8D:1C
446,13,BN61322,10.22.113.122,C4:65:16:9B:AD:54
447,13,BN61323,10.22.113.123,C4:65:16:9C:8E:80
448,13,BN61324,10.22.113.124,C4:65:16:9C:8D:19
449,13,BN61325,10.22.113.125,C4:65:16:9B:B0:9E
450,13,BN61326,10.22.113.126,C4:65:16:9C:92:15
451,13,BN61327,10.22.113.127,C4:65:16:9C:91:AD
452,13,BN61328,10.22.113.128,B0:0C:D1:65:BD:FE
453,13,BN61329,10.22.113.129,C4:65:16:9B:AD:8F
454,13,BN61330,10.22.113.130,C4:65:16:9B:B5:89
455,13,BN61331,10.22.113.131,C4:65:16:9A:80:39
456,13,BN61332,10.22.113.132,C4:65:16:9B:A8:26
457,13,BN61333,10.22.113.133,C4:65:16:9B:AE:A9
458,13,BN61334,10.22.113.134,C4:65:16:9C:91:BF
459,13,BN61335,10.22.113.135,C4:65:16:9C:94:FF
460,13,BN61336,10.22.113.136,C4:65:16:9A:F3:8B
461,13,BN61337,10.22.113.137,C4:65:16:9A:FB:DE
462,13,BN61338,10.22.113.138,C4:65:16:9B:AE:9F
463,13,BN61339,10.22.113.139,C4:65:16:9B:AD:4B
464,13,BN61340,10.22.113.140,C4:65:16:9B:A8:B9
465,14,BN61401,10.22.114.101,8C:DC:D4:27:21:B8
466,14,BN61402,10.22.114.102,9C:5A:44:86:1D:B6
467,14,BN61403,10.22.114.103,9C:5A:44:86:19:CA
468,14,BN61404,10.22.114.104,9C:5A:44:86:19:FE
469,14,BN61405,10.22.114.105,9C:5A:44:86:1E:67
470,14,BN61406,10.22.114.106,9C:5A:44:86:1D:06
471,14,BN61407,10.22.114.107,C4:65:16:9C:95:8A
472,14,BN61408,10.22.114.108,B0:0C:D1:67:82:46
473,14,BN61409,10.22.114.109,C4:65:16:B6:BB:29
474,14,BN61410,10.22.114.110,C4:65:16:9B:AA:45
475,14,BN61411,10.22.114.111,C4:65:16:9C:90:0F
476,14,BN61412,10.22.114.112,C4:65:16:9C:8B:17
477,14,BN61413,10.22.114.113,9C:5A:44:86:18:28
478,14,BN61414,10.22.114.114,9C:5A:44:86:1D:A0
479,14,BN61415,10.22.114.115,9C:5A:44:86:1C:47
480,14,BN61416,10.22.114.116,9C:5A:44:86:18:19
481,14,BN61417,10.22.114.117,9C:5A:44:86:1A:E1
482,14,BN61418,10.22.114.118,9C:5A:44:86:1D:57
483,14,BN61419,10.22.114.119,C4:65:16:9B:A9:00
484,14,BN61420,10.22.114.120,C4:65:16:B7:D6:6D
485,14,BN61421,10.22.114.121,C4:65:16:B7:CE:C7
486,14,BN61422,10.22.114.122,C4:65:16:B6:B8:69
487,14,BN61423,10.22.114.123,C4:65:16:9C:8E:E7
488,14,BN61424,10.22.114.124,C4:65:16:9C:8E:D7
489,14,BN61425,10.22.114.125,9C:5A:44:86:1C:05
490,14,BN61426,10.22.114.126,9C:5A:44:86:1D:27
491,14,BN61427,10.22.114.127,9C:5A:44:86:17:31
492,14,BN61428,10.22.114.128,9C:5A:44:86:1D:58
493,14,BN61429,10.22.114.129,9C:5A:44:86:18:1D
494,14,BN61430,10.22.114.130,9C:5A:44:86:1E:94
495,14,BN61431,10.22.114.131,C4:65:16:B7:D1:F2
496,14,BN61432,10.22.114.132,C4:65:16:9B:AA:F3
497,14,BN61433,10.22.114.133,C4:65:16:B7:DA:B0
498,14,BN61434,10.22.114.134,C4:65:16:9C:8E:D8
499,14,BN61435,10.22.114.135,9C:5A:44:86:1D:18
500,14,BN61436,10.22.114.136,9C:5A:44:86:19:4E
502,15,BN62101,10.22.121.101,9c:7b:ef:57:54:3c
503,15,BN62102,10.22.121.102,9c:7b:ef:57:5f:46
504,15,BN62103,10.22.121.103,9c:7b:ef:57:54:8c
505,15,BN62104,10.22.121.104,9c:7b:ef:57:64:51
506,15,BN62105,10.22.121.105,9c:7b:ef:57:5e:d1
507,15,BN62106,10.22.121.106,9c:7b:ef:57:4f:ac
508,15,BN62107,10.22.121.107,9c:7b:ef:57:64:50
509,15,BN62108,10.22.121.108,9c:7b:ef:57:54:b6
510,15,BN62109,10.22.121.109,9c:7b:ef:57:54:15
511,15,BN62110,10.22.121.110,9c:7b:ef:57:5f:4c
512,15,BN62111,10.22.121.111,9c:7b:ef:57:5f:62
513,15,BN62112,10.22.121.112,9c:7b:ef:57:5f:e5
514,15,BN62113,10.22.121.113,9c:7b:ef:57:50:2f
515,15,BN62114,10.22.121.114,9c:7b:ef:57:56:75
516,15,BN62115,10.22.121.115,9c:7b:ef:57:54:c9
517,15,BN62116,10.22.121.116,9c:7b:ef:57:55:7a
518,15,BN62117,10.22.121.117,9c:7b:ef:57:a5:b9
519,15,BN62118,10.22.121.118,9c:7b:ef:57:5d:ae
520,15,BN62119,10.22.121.119,9c:7b:ef:57:54:9a
521,15,BN62120,10.22.121.120,9c:7b:ef:57:54:a9
522,15,BN62121,10.22.121.121,9c:7b:ef:57:5f:e3
523,15,BN62122,10.22.121.122,9c:7b:ef:57:5f:30
524,15,BN62123,10.22.121.123,9c:7b:ef:57:5d:a3
525,15,BN62124,10.22.121.124,9c:7b:ef:57:54:8f
526,15,BN62125,10.22.121.125,9c:7b:ef:57:50:22
527,15,BN62126,10.22.121.126,9c:7b:ef:57:54:92
528,15,BN62127,10.22.121.127,9c:7b:ef:57:5f:4e
529,15,BN62128,10.22.121.128,9c:7b:ef:57:62:54
530,15,BN62129,10.22.121.129,9c:7b:ef:57:5e:bc
531,15,BN62130,10.22.121.130,9c:7b:ef:57:65:05
532,15,BN62131,10.22.121.131,9c:7b:ef:57:50:2c
533,15,BN62132,10.22.121.132,9c:7b:ef:57:54:44
534,15,BN62133,10.22.121.133,9c:7b:ef:57:5f:29
535,15,BN62134,10.22.121.134,9c:7b:ef:57:5d:b5
536,15,BN62135,10.22.121.135,9c:7b:ef:57:5d:b8
537,15,BN62136,10.22.121.136,9c:7b:ef:57:62:56
538,15,BN62137,10.22.121.137,9c:7b:ef:57:54:3f
539,15,BN62138,10.22.121.138,9c:7b:ef:57:50:25
540,15,BN62139,10.22.121.139,9c:7b:ef:57:a4:cf
541,15,BN62140,10.22.121.140,9c:7b:ef:57:5e:dc
542,15,BN62141,10.22.121.141,9c:7b:ef:57:55:32
543,16,BN62201,10.22.122.101,18:60:24:22:53:CA
544,16,BN62202,10.22.122.102,18:60:24:22:54:FF
545,16,BN62203,10.22.122.103,18:60:24:22:55:28
546,16,BN62204,10.22.122.104,18:60:24:22:55:8E
547,16,BN62205,10.22.122.105,18:60:24:22:55:18
548,16,BN62206,10.22.122.106,18:60:24:22:55:13
549,16,BN62207,10.22.122.107,18:60:24:22:5C:B5
550,16,BN62208,10.22.122.108,18:60:24:22:54:FC
551,16,BN62209,10.22.122.109,18:60:24:22:54:B7
552,16,BN62210,10.22.122.110,18:60:24:22:5C:BD
553,16,BN62211,10.22.122.111,18:60:24:22:5C:A7
554,16,BN62212,10.22.122.112,18:60:24:22:54:D2
555,16,BN62213,10.22.122.113,18:60:24:22:55:79
556,16,BN62214,10.22.122.114,18:60:24:22:54:BB
557,16,BN62215,10.22.122.115,18:60:24:22:54:C0
558,16,BN62216,10.22.122.116,18:60:24:22:54:D6
559,16,BN62217,10.22.122.117,18:60:24:22:54:B4
560,16,BN62218,10.22.122.118,18:60:24:22:5A:05
561,16,BN62219,10.22.122.119,18:60:24:22:54:BD
562,16,BN62220,10.22.122.120,18:60:24:22:54:B5
563,16,BN62221,10.22.122.121,18:60:24:22:54:C8
564,16,BN62222,10.22.122.122,18:60:24:22:5D:0E
565,16,BN62223,10.22.122.123,18:60:24:22:54:48
566,16,BN62224,10.22.122.124,18:60:24:22:54:BE
567,16,BN62225,10.22.122.125,18:60:24:22:53:D1
568,16,BN62226,10.22.122.126,18:60:24:22:54:CE
569,16,BN62227,10.22.122.127,18:60:24:22:55:8D
570,16,BN62228,10.22.122.128,18:60:24:22:54:C4
571,16,BN62229,10.22.122.129,18:60:24:22:55:0F
572,16,BN62230,10.22.122.130,18:60:24:22:5C:A4
573,16,BN62231,10.22.122.131,18:60:24:22:54:B1
574,16,BN62232,10.22.122.132,18:60:24:22:54:AB
575,16,BN62233,10.22.122.133,18:60:24:22:55:55
576,16,BN62234,10.22.122.134,18:60:24:22:55:14
577,16,BN62235,10.22.122.135,18:60:24:22:55:56
578,16,BN62236,10.22.122.136,18:60:24:22:54:BF
579,16,BN62237,10.22.122.137,18:60:24:22:55:06
580,16,BN62238,10.22.122.138,18:60:24:22:5A:25
581,16,BN62239,10.22.122.139,18:60:24:22:55:B4
582,16,BN62240,10.22.122.140,18:60:24:22:53:D2
583,16,BN62241,10.22.122.141,18:60:24:22:55:23
584,17,BN62301,10.22.123.101,9c:7b:ef:57:54:38
585,17,BN62302,10.22.123.102,9c:7b:ef:57:50:36
586,17,BN62303,10.22.123.103,9c:7b:ef:57:50:31
587,17,BN62304,10.22.123.104,9c:7b:ef:57:5f:56
588,17,BN62305,10.22.123.105,9c:7b:ef:57:54:c4
589,17,BN62306,10.22.123.106,9c:7b:ef:57:55:87
590,17,BN62307,10.22.123.107,9c:7b:ef:57:5f:9b
591,17,BN62308,10.22.123.108,9c:7b:ef:57:e6:5b
592,17,BN62309,10.22.123.109,9c:7b:ef:57:56:71
593,17,BN62310,10.22.123.110,9c:7b:ef:57:5f:e7
594,17,BN62311,10.22.123.111,9c:7b:ef:57:5f:44
595,17,BN62312,10.22.123.112,9c:7b:ef:57:57:ff
596,17,BN62313,10.22.123.113,9c:7b:ef:57:5f:40
597,17,BN62314,10.22.123.114,9c:7b:ef:57:d8:d2
598,17,BN62315,10.22.123.115,9c:7b:ef:57:5f:67
599,17,BN62316,10.22.123.116,9c:7b:ef:57:55:17
600,17,BN62317,10.22.123.117,9c:7b:ef:57:55:4d
601,17,BN62318,10.22.123.118,9c:7b:ef:57:a7:2e
602,17,BN62319,10.22.123.119,9c:7b:ef:57:54:ae
603,17,BN62320,10.22.123.120,9c:7b:ef:57:5f:49
604,17,BN62321,10.22.123.121,9c:7b:ef:57:5e:c9
605,17,BN62322,10.22.123.122,9c:7b:ef:57:60:11
606,17,BN62323,10.22.123.123,9c:7b:ef:57:55:67
607,17,BN62324,10.22.123.124,9c:7b:ef:55:d8:5b
608,17,BN62325,10.22.123.125,9c:7b:ef:57:e3:cf
609,17,BN62326,10.22.123.126,9c:7b:ef:57:54:4c
610,17,BN62327,10.22.123.127,9c:7b:ef:57:5f:2c
611,17,BN62328,10.22.123.128,9c:7b:ef:57:a4:70
612,17,BN62329,10.22.123.129,9c:7b:ef:57:5f:31
613,17,BN62330,10.22.123.130,9c:7b:ef:57:5d:f8
614,17,BN62331,10.22.123.131,9c:7b:ef:57:5d:b9
615,17,BN62332,10.22.123.132,9c:7b:ef:57:5d:a6
616,17,BN62333,10.22.123.133,9c:7b:ef:57:54:cc
617,17,BN62334,10.22.123.134,9c:7b:ef:57:5f:32
618,17,BN62335,10.22.123.135,9c:7b:ef:57:5d:b2
619,17,BN62336,10.22.123.136,9c:7b:ef:57:a4:69
620,17,BN62337,10.22.123.137,9c:7b:ef:57:54:a1
621,17,BN62338,10.22.123.138,9c:7b:ef:56:db:b2
622,17,BN62339,10.22.123.139,9c:7b:ef:57:60:6f
623,17,BN62340,10.22.123.140,9c:7b:ef:57:5f:55
624,17,BN62341,10.22.123.141,9c:7b:ef:57:56:f2
625,18,BN62401,10.22.124.101,18:60:24:22:55:5C
626,18,BN62402,10.22.124.102,18:60:24:22:55:19
627,18,BN62403,10.22.124.103,18:60:24:22:54:42
628,18,BN62404,10.22.124.104,18:60:24:22:55:02
629,18,BN62405,10.22.124.105,18:60:24:22:54:71
630,18,BN62406,10.22.124.106,18:60:24:22:55:92
631,18,BN62407,10.22.124.107,18:60:24:22:55:9E
632,18,BN62408,10.22.124.108,98:E7:F4:BD:D9:F6
633,18,BN62409,10.22.124.109,18:60:24:22:54:68
634,18,BN62410,10.22.124.110,18:60:24:22:55:A5
635,18,BN62411,10.22.124.111,98:E7:F4:BD:E0:8E
636,18,BN62412,10.22.124.112,18:60:24:22:55:30
637,18,BN62413,10.22.124.113,98:E7:F4:BD:E0:E8
638,18,BN62414,10.22.124.114,18:60:24:22:55:B2
639,18,BN62415,10.22.124.115,98:E7:F4:BD:E0:59
640,18,BN62416,10.22.124.116,98:E7:F4:BD:E0:B9
641,18,BN62417,10.22.124.117,98:E7:F4:BD:E0:65
642,18,BN62418,10.22.124.118,98:E7:F4:BD:E0:2E
643,18,BN62419,10.22.124.119,98:E7:F4:BD:E0:2C
644,18,BN62420,10.22.124.120,98:E7:F4:BD:E0:32
645,18,BN62421,10.22.124.121,18:60:24:22:54:46
646,18,BN62422,10.22.124.122,98:E7:F4:BD:E0:90
647,18,BN62423,10.22.124.123,18:60:24:22:55:C4
648,18,BN62424,10.22.124.124,18:60:24:22:55:91
649,18,BN62425,10.22.124.125,18:60:24:22:55:31
650,18,BN62426,10.22.124.126,18:60:24:22:54:AF
651,18,BN62427,10.22.124.127,18:60:24:22:5C:A5
652,18,BN62428,10.22.124.128,18:60:24:22:55:5F
653,18,BN62429,10.22.124.129,18:60:24:22:54:C7
654,18,BN62430,10.22.124.130,18:60:24:22:55:6C
655,18,BN62431,10.22.124.131,18:60:24:22:55:2B
656,18,BN62432,10.22.124.132,98:E7:F4:BD:E0:83
657,18,BN62433,10.22.124.133,98:E7:F4:BD:9C:D7
658,18,BN62434,10.22.124.134,98:E7:F4:BD:D9:DA
659,18,BN62435,10.22.124.135,98:E7:F4:BD:E0:1A
660,18,BN62436,10.22.124.136,98:E7:F4:BD:E0:71
661,18,BN62437,10.22.124.137,98:E7:F4:BD:DA:20
662,18,BN62438,10.22.124.138,18:60:24:22:55:10
663,18,BN62439,10.22.124.139,98:E7:F4:BD:E0:9B
664,18,BN62440,10.22.124.140,18:60:24:22:55:8F
665,18,BN62441,10.22.124.141,98:E7:F4:BD:E0:D3
666,19,BN62501,10.22.125.101,9c:7b:ef:57:a4:68
667,19,BN62502,10.22.125.102,9c:7b:ef:56:dc:d6
668,19,BN62503,10.22.125.103,9c:7b:ef:57:50:34
669,19,BN62504,10.22.125.104,9c:7b:ef:57:54:4b
670,19,BN62505,10.22.125.105,9c:7b:ef:57:54:8e
671,19,BN62506,10.22.125.106,9c:7b:ef:57:58:0a
672,19,BN62507,10.22.125.107,9c:7b:ef:57:50:28
673,19,BN62508,10.22.125.108,9c:7b:ef:57:50:33
674,19,BN62509,10.22.125.109,9c:7b:ef:57:5e:69
675,19,BN62510,10.22.125.110,9c:7b:ef:57:fa:c2
676,19,BN62511,10.22.125.111,9c:7b:ef:57:4f:ae
677,19,BN62512,10.22.125.112,9c:7b:ef:57:54:c7
678,19,BN62513,10.22.125.113,9c:7b:ef:57:5f:4a
679,19,BN62514,10.22.125.114,9c:7b:ef:57:60:6c
680,19,BN62515,10.22.125.115,9c:7b:ef:57:54:4a
681,19,BN62516,10.22.125.116,9c:7b:ef:57:54:9b
682,19,BN62517,10.22.125.117,9c:7b:ef:57:54:c2
683,19,BN62518,10.22.125.118,9c:7b:ef:57:54:a4
684,19,BN62519,10.22.125.119,9c:7b:ef:56:bc:d7
685,19,BN62520,10.22.125.120,9c:7b:ef:57:54:b4
686,19,BN62521,10.22.125.121,9c:7b:ef:57:5e:7c
687,19,BN62522,10.22.125.122,9c:7b:ef:57:54:12
688,19,BN62523,10.22.125.123,9c:7b:ef:57:fa:c3
689,19,BN62524,10.22.125.124,9c:7b:ef:57:5e:7d
690,19,BN62525,10.22.125.125,9c:7b:ef:57:a4:6d
691,19,BN62526,10.22.125.126,9c:7b:ef:57:63:0d
692,19,BN62527,10.22.125.127,9c:7b:ef:57:57:f4
693,19,BN62528,10.22.125.128,9c:7b:ef:57:55:ae
694,19,BN62529,10.22.125.129,9c:7b:ef:57:5f:45
695,19,BN62530,10.22.125.130,9c:7b:ef:57:e4:27
696,19,BN62531,10.22.125.131,9c:7b:ef:57:5d:a4
697,19,BN62532,10.22.125.132,9c:7b:ef:57:54:1a
698,19,BN62533,10.22.125.133,9c:7b:ef:57:5e:75
699,19,BN62534,10.22.125.134,9c:7b:ef:57:5d:ba
700,19,BN62535,10.22.125.135,9c:7b:ef:57:4f:b6
701,19,BN62536,10.22.125.136,9c:7b:ef:57:5f:50
702,19,BN62537,10.22.125.137,9c:7b:ef:57:54:1f
703,19,BN62538,10.22.125.138,9c:7b:ef:57:62:51
704,19,BN62539,10.22.125.139,9c:7b:ef:57:54:18
705,19,BN62540,10.22.125.140,9c:7b:ef:57:5f:5d
706,19,BN62541,10.22.125.141,9c:7b:ef:57:e4:1b
707,20,BN62601,10.22.126.101,98:E7:F4:BD:E0:A3
708,20,BN62602,10.22.126.102,98:E7:F4:BD:E0:23
709,20,BN62603,10.22.126.103,98:E7:F4:BD:DF:80
710,20,BN62604,10.22.126.104,98:E7:F4:BD:DA:7D
711,20,BN62605,10.22.126.105,98:E7:F4:BD:D9:DD
712,20,BN62606,10.22.126.106,98:E7:F4:BD:E0:E0
713,20,BN62607,10.22.126.107,98:E7:F4:BD:E0:DD
714,20,BN62608,10.22.126.108,98:E7:F4:BD:E0:AA
715,20,BN62609,10.22.126.109,98:E7:F4:BD:E0:C5
716,20,BN62610,10.22.126.110,98:E7:F4:BD:DC:52
717,20,BN62611,10.22.126.111,98:E7:F4:BD:DF:96
718,20,BN62612,10.22.126.112,98:E7:F4:BD:E0:E5
719,20,BN62613,10.22.126.113,98:E7:F4:BD:E0:E2
720,20,BN62614,10.22.126.114,C4:65:16:B6:B8:0A
721,20,BN62615,10.22.126.115,98:E7:F4:BD:E0:E3
722,20,BN62616,10.22.126.116,98:E7:F4:BD:97:22
723,20,BN62617,10.22.126.117,98:E7:F4:BD:DF:79
724,20,BN62618,10.22.126.118,98:E7:F4:BD:E0:AF
725,20,BN62619,10.22.126.119,98:E7:F4:BD:E0:60
726,20,BN62620,10.22.126.120,98:E7:F4:BD:DF:7A
727,20,BN62621,10.22.126.121,98:E7:F4:BD:DF:7F
728,20,BN62622,10.22.126.122,98:E7:F4:BD:E0:74
729,20,BN62623,10.22.126.123,98:E7:F4:BD:E0:EF
730,20,BN62624,10.22.126.124,98:E7:F4:BD:E0:73
731,20,BN62625,10.22.126.125,98:E7:F4:BD:E0:7A
732,20,BN62626,10.22.126.126,98:E7:F4:BD:E0:AD
733,20,BN62627,10.22.126.127,98:E7:F4:BD:E0:3F
734,20,BN62628,10.22.126.128,98:E7:F4:BD:E0:C1
735,20,BN62629,10.22.126.129,98:E7:F4:BD:DF:77
736,20,BN62630,10.22.126.130,98:E7:F4:BD:DA:77
737,20,BN62631,10.22.126.131,98:E7:F4:BD:E0:DB
738,20,BN62632,10.22.126.132,98:E7:F4:BD:E0:BD
739,20,BN62633,10.22.126.133,98:E7:F4:BD:97:23
740,20,BN62634,10.22.126.134,98:E7:F4:BD:E0:2D
741,20,BN62635,10.22.126.135,98:E7:F4:BD:E0:A6
742,20,BN62636,10.22.126.136,98:E7:F4:BD:E0:DC
743,20,BN62637,10.22.126.137,98:E7:F4:BD:E0:EC
744,20,BN62638,10.22.126.138,98:E7:F4:BD:E0:63
745,20,BN62639,10.22.126.139,98:E7:F4:BD:DF:83
746,20,BN62640,10.22.126.140,98:E7:F4:BD:D9:DB
747,20,BN62641,10.22.126.141,98:E7:F4:BD:E0:97
748,21,BN62701,10.22.127.101,9c:7b:ef:57:54:a6
749,21,BN62702,10.22.127.102,9c:7b:ef:57:50:23
750,21,BN62703,10.22.127.103,9c:7b:ef:57:5f:68
751,21,BN62704,10.22.127.104,9c:7b:ef:57:5f:3f
752,21,BN62705,10.22.127.105,9c:7b:ef:57:54:c1
753,21,BN62706,10.22.127.106,9c:7b:ef:57:50:2e
754,21,BN62707,10.22.127.107,9c:7b:ef:57:50:30
755,21,BN62708,10.22.127.108,9c:7b:ef:57:60:70
756,21,BN62709,10.22.127.109,9c:7b:ef:57:54:d6
757,21,BN62710,10.22.127.110,9c:7b:ef:57:5f:57
758,21,BN62711,10.22.127.111,9c:7b:ef:57:5d:c1
759,21,BN62712,10.22.127.112,9c:7b:ef:57:e3:d0
760,21,BN62713,10.22.127.113,9c:7b:ef:57:5f:41
761,21,BN62714,10.22.127.114,9c:7b:ef:57:5f:36
762,21,BN62715,10.22.127.115,9c:7b:ef:56:b8:12
763,21,BN62716,10.22.127.116,9c:7b:ef:57:5e:d3
764,21,BN62717,10.22.127.117,9c:7b:ef:57:55:43
765,21,BN62718,10.22.127.118,9c:7b:ef:57:5f:3d
766,21,BN62719,10.22.127.119,9c:7b:ef:57:5d:c4
767,21,BN62720,10.22.127.120,9c:7b:ef:57:5f:9f
768,21,BN62721,10.22.127.121,9c:7b:ef:57:5f:38
769,21,BN62722,10.22.127.122,9c:7b:ef:57:60:6b
770,21,BN62723,10.22.127.123,9c:7b:ef:57:5d:bf
771,21,BN62724,10.22.127.124,9c:7b:ef:56:ba:91
772,21,BN62725,10.22.127.125,9c:7b:ef:56:dc:d1
773,21,BN62726,10.22.127.126,9c:7b:ef:57:54:c8
774,21,BN62727,10.22.127.127,9c:7b:ef:57:54:4e
775,21,BN62728,10.22.127.128,9c:7b:ef:56:ba:93
776,21,BN62729,10.22.127.129,9c:7b:ef:57:60:16
777,21,BN62730,10.22.127.130,9c:7b:ef:57:58:00
778,21,BN62731,10.22.127.131,9c:7b:ef:57:a4:51
779,21,BN62732,10.22.127.132,9c:7b:ef:57:4f:b3
780,21,BN62733,10.22.127.133,9c:7b:ef:57:5d:c8
781,21,BN62734,10.22.127.134,9c:7b:ef:57:62:50
782,21,BN62735,10.22.127.135,9C:7B:EF:57:5F:54
783,21,BN62736,10.22.127.136,9c:7b:ef:56:ba:8b
784,21,BN62737,10.22.127.137,9c:7b:ef:57:60:69
785,21,BN62738,10.22.127.138,9c:7b:ef:57:5e:99
786,21,BN62739,10.22.127.139,9c:7b:ef:57:50:27
787,21,BN62740,10.22.127.140,9c:7b:ef:57:54:41
788,21,BN62741,10.22.127.141,9c:7b:ef:56:db:c3
789,22,BN62801,10.22.128.101,98:E7:F4:BD:DF:74
790,22,BN62802,10.22.128.102,98:E7:F4:BD:DF:78
791,22,BN62803,10.22.128.103,98:E7:F4:BD:E0:93
792,22,BN62804,10.22.128.104,98:E7:F4:BD:E0:4B
793,22,BN62805,10.22.128.105,98:E7:F4:BD:E0:3C
794,22,BN62806,10.22.128.106,98:E7:F4:BD:D9:FA
795,22,BN62807,10.22.128.107,98:E7:F4:BD:E0:3E
796,22,BN62808,10.22.128.108,98:E7:F4:BD:E0:45
797,22,BN62809,10.22.128.109,98:E7:F4:BD:DA:3C
798,22,BN62810,10.22.128.110,98:E7:F4:BD:E0:85
799,22,BN62811,10.22.128.111,98:E7:F4:BD:E0:B5
800,22,BN62812,10.22.128.112,98:E7:F4:BD:E0:41
801,22,BN62813,10.22.128.113,98:E7:F4:BD:E0:81
802,22,BN62814,10.22.128.114,98:E7:F4:BD:E0:6F
803,22,BN62815,10.22.128.115,98:E7:F4:BD:A1:59
804,22,BN62816,10.22.128.116,98:E7:F4:BD:E0:D8
805,22,BN62817,10.22.128.117,98:E7:F4:BD:E0:EA
806,22,BN62818,10.22.128.118,98:E7:F4:BD:E0:0C
807,22,BN62819,10.22.128.119,98:E7:F4:BD:A3:96
808,22,BN62820,10.22.128.120,98:E7:F4:BD:E0:AB
809,22,BN62821,10.22.128.121,98:E7:F4:BD:E0:6D
810,22,BN62822,10.22.128.122,98:E7:F4:BD:E0:DF
811,22,BN62823,10.22.128.123,98:E7:F4:BD:E0:34
812,22,BN62824,10.22.128.124,98:E7:F4:BD:E0:C3
813,22,BN62825,10.22.128.125,98:E7:F4:BD:DA:61
814,22,BN62826,10.22.128.126,98:E7:F4:BD:E0:69
815,22,BN62827,10.22.128.127,98:E7:F4:BD:E0:ED
816,22,BN62828,10.22.128.128,98:E7:F4:BD:E0:94
817,22,BN62829,10.22.128.129,98:E7:F4:BD:D9:D3
818,22,BN62830,10.22.128.130,98:E7:F4:BD:DA:76
819,22,BN62831,10.22.128.131,98:E7:F4:BD:E0:7B
820,22,BN62832,10.22.128.132,98:E7:F4:BD:D3:5D
821,22,BN62833,10.22.128.133,98:E7:F4:BD:E0:7D
822,22,BN62834,10.22.128.134,98:E7:F4:BD:DF:AE
823,22,BN62835,10.22.128.135,98:E7:F4:BD:97:30
824,22,BN62836,10.22.128.136,98:E7:F4:BD:E0:68
825,22,BN62837,10.22.128.137,98:E7:F4:BD:E0:1D
826,22,BN62838,10.22.128.138,98:E7:F4:BD:E0:44
827,22,BN62839,10.22.128.139,98:E7:F4:BD:DF:9B
828,22,BN62840,10.22.128.140,98:E7:F4:BD:DF:7D
829,22,BN62841,10.22.128.141,98:E7:F4:BD:E0:89
830,23,BN62901,10.22.129.101,9c:7b:ef:57:5e:a5
831,23,BN62902,10.22.129.102,9c:7b:ef:57:60:6a
832,23,BN62903,10.22.129.103,9c:7b:ef:57:5f:60
833,23,BN62904,10.22.129.104,9c:7b:ef:57:e6:a9
834,23,BN62905,10.22.129.105,9c:7b:ef:57:60:13
835,23,BN62906,10.22.129.106,9c:7b:ef:57:54:45
836,23,BN62907,10.22.129.107,9c:7b:ef:57:55:7f
837,23,BN62908,10.22.129.108,9c:7b:ef:57:a5:62
838,23,BN62909,10.22.129.109,9c:7b:ef:57:58:1d
839,23,BN62910,10.22.129.110,9c:7b:ef:57:5d:be
840,23,BN62911,10.22.129.111,9c:7b:ef:57:5f:43
841,23,BN62912,10.22.129.112,9c:7b:ef:57:5f:61
842,23,BN62913,10.22.129.113,9c:7b:ef:57:53:1a
843,23,BN62914,10.22.129.114,9c:7b:ef:57:54:ab
844,23,BN62915,10.22.129.115,9c:7b:ef:57:54:06
845,23,BN62916,10.22.129.116,9c:7b:ef:57:54:c6
846,23,BN62917,10.22.129.117,9c:7b:ef:57:54:42
847,23,BN62918,10.22.129.118,9c:7b:ef:57:55:4b
848,23,BN62919,10.22.129.119,9c:7b:ef:57:60:5e
849,23,BN62920,10.22.129.120,9c:7b:ef:57:5d:fc
850,23,BN62921,10.22.129.121,9c:7b:ef:57:e4:2f
851,23,BN62922,10.22.129.122,9c:7b:ef:57:4f:b5
852,23,BN62923,10.22.129.123,9c:7b:ef:57:60:62
853,23,BN62924,10.22.129.124,9c:7b:ef:57:5f:9c
854,23,BN62925,10.22.129.125,9c:7b:ef:56:b5:f7
855,23,BN62926,10.22.129.126,9c:7b:ef:57:62:4f
856,23,BN62927,10.22.129.127,9c:7b:ef:57:60:67
857,23,BN62928,10.22.129.128,9c:7b:ef:57:55:58
858,23,BN62929,10.22.129.129,9c:7b:ef:57:5e:7f
859,23,BN62930,10.22.129.130,9c:7b:ef:57:5f:a5
860,23,BN62931,10.22.129.131,9c:7b:ef:57:5d:9f
861,23,BN62932,10.22.129.132,9c:7b:ef:57:5f:1c
862,23,BN62933,10.22.129.133,9c:7b:ef:57:5f:2d
863,23,BN62934,10.22.129.134,9c:7b:ef:57:54:a7
864,23,BN62935,10.22.129.135,9c:7b:ef:57:5f:58
865,23,BN62936,10.22.129.136,9c:7b:ef:57:5d:c3
866,23,BN62937,10.22.129.137,9c:7b:ef:57:54:94
867,23,BN62938,10.22.129.138,9c:7b:ef:57:54:9e
868,23,BN62939,10.22.129.139,9c:7b:ef:57:5f:e4
869,23,BN62940,10.22.129.140,9c:7b:ef:57:f8:73
870,23,BN62941,10.22.129.141,9c:7b:ef:57:5d:bc
912,25,BN63101,10.22.131.101,10:E7:C6:07:24:1F
913,25,BN63102,10.22.131.102,10:E7:C6:07:21:31
914,25,BN63103,10.22.131.103,10:E7:C6:07:21:AD
915,25,BN63104,10.22.131.104,10:E7:C6:07:21:08
916,25,BN63105,10.22.131.105,10:E7:C6:07:21:95
917,25,BN63106,10.22.131.106,10:E7:C6:0A:71:82
918,25,BN63107,10.22.131.107,10:E7:C6:07:21:2A
919,25,BN63108,10.22.131.108,10:E7:C6:07:1E:6A
920,25,BN63109,10.22.131.109,10:E7:C6:0A:68:ED
921,25,BN63110,10.22.131.110,10:E7:C6:07:1F:82
922,25,BN63111,10.22.131.111,10:E7:C6:0A:6C:68
923,25,BN63112,10.22.131.112,10:E7:C6:0A:68:4A
924,25,BN63113,10.22.131.113,10:E7:C6:0A:72:00
925,25,BN63114,10.22.131.114,10:E7:C6:0A:68:D4
926,25,BN63115,10.22.131.115,10:E7:C6:0A:67:F7
927,25,BN63116,10.22.131.116,10:E7:C6:0A:72:2E
928,25,BN63117,10.22.131.117,10:E7:C6:07:21:48
929,25,BN63118,10.22.131.118,10:E7:C6:0A:71:8F
930,25,BN63119,10.22.131.119,10:E7:C6:0A:72:5D
931,25,BN63120,10.22.131.120,10:E7:C6:0A:70:EC
932,25,BN63121,10.22.131.121,10:E7:C6:0A:70:FB
933,25,BN63122,10.22.131.122,10:E7:C6:07:1E:29
934,25,BN63123,10.22.131.123,10:E7:C6:07:21:22
935,25,BN63124,10.22.131.124,10:E7:C6:07:20:6C
936,25,BN63125,10.22.131.125,10:E7:C6:0A:72:10
937,25,BN63126,10.22.131.126,10:E7:C6:0A:71:0E
938,25,BN63127,10.22.131.127,10:E7:C6:0A:66:E8
939,25,BN63128,10.22.131.128,10:E7:C6:0A:71:09
940,25,BN63129,10.22.131.129,10:E7:C6:07:1E:28
941,25,BN63130,10.22.131.130,10:E7:C6:0A:68:99
942,25,BN63131,10.22.131.131,10-E7-C6-0A-68-E3
943,25,BN63132,10.22.131.132,10:E7:C6:07:1E:44
944,25,BN63133,10.22.131.133,10:E7:C6:0A:68:8A
945,25,BN63134,10.22.131.134,10:E7:C6:0A:71:A4
946,25,BN63135,10.22.131.135,10:E7:C6:0A:71:7E
947,25,BN63136,10.22.131.136,10:E7:C6:0A:71:A8
948,25,BN63137,10.22.131.137,10:E7:C6:0A:70:F0
949,25,BN63138,10.22.131.138,10:E7:C6:07:21:80
950,25,BN63139,10.22.131.139,10:E7:C6:0A:68:94
951,25,BN63140,10.22.131.140,10:E7:C6:07:1E:61
952,25,BN63141,10.22.131.141,10:E7:C6:0A:63:A5
994,30,BN70801,10.22.208.101,84:A9:3E:6B:98:62
995,30,BN70802,10.22.208.102,C8:D9:D2:11:C2:83
996,30,BN70803,10.22.208.103,84:A9:3E:6B:97:D2
997,30,BN70804,10.22.208.104,84:A9:3E:7D:41:2D
998,30,BN70805,10.22.208.105,84:A9:3E:6B:97:72
999,30,BN70806,10.22.208.106,C8:D9:D2:1E:66:B8
1000,30,BN70807,10.22.208.107,C8:D9:D2:1E:73:EB
1001,30,BN70808,10.22.208.108,C8:D9:D2:1E:75:EE
1002,30,BN70809,10.22.208.109,C8:D9:D2:11:C2:BD
1003,30,BN70810,10.22.208.110,84:A9:3E:6B:98:36
1004,30,BN70811,10.22.208.111,C8:D9:D2:1E:42:89
1005,30,BN70812,10.22.208.112,C8:D9:D2:1E:74:9C
1006,30,BN70813,10.22.208.113,C8:D9:D2:12:45:80
1007,30,BN70814,10.22.208.114,C8:D9:D2:11:C2:0E
1008,30,BN70815,10.22.208.115,C8:D9:D2:1E:40:52
1009,30,BN70816,10.22.208.116,84:A9:3E:6B:98:6C
1010,30,BN70817,10.22.208.117,84:A9:3E:6B:98:26
1011,30,BN70818,10.22.208.118,84:A9:3E:6B:98:38
1012,30,BN70819,10.22.208.119,C8:D9:D2:1E:76:47
1013,30,BN70820,10.22.208.120,84:A9:3E:7D:41:04
1014,30,BN70821,10.22.208.121,C8:D9:D2:1E:3F:EB
1015,30,BN70822,10.22.208.122,C8:D9:D2:1E:43:B5
1016,30,BN70823,10.22.208.123,C8:D9:D2:11:C0:D2
1017,30,BN70824,10.22.208.124,C8:D9:D2:1E:69:02
1018,30,BN70825,10.22.208.125,C8:D9:D2:1E:3F:F7
1019,30,BN70826,10.22.208.126,C8:D9:D2:1E:3D:EC
1020,30,BN70827,10.22.208.127,C8:D9:D2:1E:71:4C
1021,30,BN70828,10.22.208.128,C8:D9:D2:11:C2:78
1022,30,BN70829,10.22.208.129,C8:D9:D2:1E:76:31
1023,30,BN70830,10.22.208.130,84:A9:3E:6B:97:D0
1024,30,BN70831,10.22.208.131,84:A9:3E:6B:98:6D
1025,30,BN70832,10.22.208.132,C8:D9:D2:1E:6D:8C
1026,30,BN70833,10.22.208.133,84:A9:3E:6B:98:73
1027,30,BN70834,10.22.208.134,C8:D9:D2:1E:77:E6
1028,30,BN70835,10.22.208.135,C8:D9:D2:1E:75:98
1029,30,BN70836,10.22.208.136,C8:D9:D2:11:C2:9C
1030,30,BN70837,10.22.208.137,C8:D9:D2:1E:3E:CE
1031,30,BN70838,10.22.208.138,C8:D9:D2:1E:6E:1B
1032,30,BN70839,10.22.208.139,C8:D9:D2:1E:6B:28
1033,30,BN70840,10.22.208.140,C8:D9:D2:1E:6D:3E
1034,30,BN70841,10.22.208.141,C8:D9:D2:1E:6D:AF
1035,31,BN71001,10.22.210.101,30:9C:23:30:D6:7F
1036,31,BN71002,10.22.210.102,30:9C:23:30:D6:0E
1037,31,BN71003,10.22.210.103,30:9C:23:30:D7:1F
1038,31,BN71004,10.22.210.104,30:9C:23:30:D6:74
1039,31,BN71005,10.22.210.105,30:9C:23:2D:D0:E5
1040,31,BN71006,10.22.210.106,30:9C:23:30:D6:AC
1041,31,BN71007,10.22.210.107,30:9C:23:30:D6:6B
1042,31,BN71008,10.22.210.108,30:9C:23:2D:D0:D5
1043,31,BN71009,10.22.210.109,30:9C:23:30:D6:C0
1044,31,BN71010,10.22.210.110,30:9C:23:30:D6:6A
1045,31,BN71011,10.22.210.111,30:9C:23:30:D6:F4
1046,31,BN71012,10.22.210.112,30:9C:23:30:D6:13
1047,31,BN71013,10.22.210.113,30:9C:23:2D:D0:E3
1048,31,BN71014,10.22.210.114,30:9C:23:30:D6:69
1049,31,BN71015,10.22.210.115,30:9C:23:30:D6:6F
1050,31,BN71016,10.22.210.116,30:9C:23:30:D6:6E
1051,31,BN71017,10.22.210.117,30:9C:23:30:D6:2C
1052,31,BN71018,10.22.210.118,30:9C:23:2D:D0:E6
1053,31,BN71019,10.22.210.119,30:9C:23:2D:D0:EB
1054,31,BN71020,10.22.210.120,30:9C:23:30:D6:9C
1055,31,BN71021,10.22.210.121,30:9C:23:30:D6:68
1056,31,BN71022,10.22.210.122,30:9C:23:30:D6:3B
1057,31,BN71023,10.22.210.123,30:9C:23:30:D6:75
1058,31,BN71024,10.22.210.124,30:9C:23:30:D6:57
1059,31,BN71025,10.22.210.125,30:9C:23:30:D6:E7
1060,31,BN71026,10.22.210.126,30:9C:23:2D:D0:F1
1061,31,BN71027,10.22.210.127,30:9C:23:30:D6:77
1062,31,BN71028,10.22.210.128,30:9C:23:30:D6:8E
1063,31,BN71029,10.22.210.129,30:9C:23:30:D6:73
1064,31,BN71030,10.22.210.130,30:9C:23:30:D6:86
1065,31,BN71031,10.22.210.131,30:9C:23:30:D6:11
1066,31,BN71032,10.22.210.132,30:9C:23:30:D6:79
1067,31,BN71033,10.22.210.133,30:9C:23:2D:D0:D8
1068,31,BN71034,10.22.210.134,30:9C:23:30:D6:7C
1069,31,BN71035,10.22.210.135,30:9C:23:2D:D0:E7
1070,31,BN71036,10.22.210.136,30:9C:23:30:D6:78
1071,31,BN71037,10.22.210.137,30:9C:23:30:D6:70
1072,31,BN71038,10.22.210.138,30:9C:23:30:D6:EE
1073,31,BN71039,10.22.210.139,30:9C:23:2D:D0:F4
1074,31,BN71040,10.22.210.140,30:9C:23:2D:D1:03
1075,31,BN71041,10.22.210.141,30:9C:23:30:D6:C5
1076,33,BN72101,10.22.221.101,10:E7:C6:0A:73:DD
1077,33,BN72102,10.22.221.102,10:E7:C6:07:21:7F
1078,33,BN72103,10.22.221.103,10:E7:C6:0A:71:92
1079,33,BN72104,10.22.221.104,10:E7:C6:0A:63:FD
1080,33,BN72105,10.22.221.105,10:E7:C6:0A:71:9A
1081,33,BN72106,10.22.221.106,10:E7:C6:0A:68:9C
1082,33,BN72107,10.22.221.107,10:E7:C6:0A:6B:E8
1083,33,BN72108,10.22.221.108,10:E7:C6:0A:63:37
1084,33,BN72109,10.22.221.109,10:E7:C6:0A:65:89
1085,33,BN72110,10.22.221.110,10:E7:C6:0A:68:D2
1086,33,BN72111,10.22.221.111,10:E7:C6:07:1E:2A
1087,33,BN72112,10.22.221.112,10:E7:C6:0A:68:BC
1088,33,BN72113,10.22.221.113,10:E7:C6:0A:71:93
1089,33,BN72114,10.22.221.114,10:E7:C6:0A:71:9D
1090,33,BN72115,10.22.221.115,10:E7:C6:0A:68:EE
1091,33,BN72116,10.22.221.116,10:E7:C6:07:21:19
1092,33,BN72117,10.22.221.117,10:E7:C6:0A:70:ED
1093,33,BN72118,10.22.221.118,10:E7:C6:0A:6C:5B
1094,33,BN72119,10.22.221.119,10:E7:C6:0A:68:CF
1095,33,BN72120,10.22.221.120,10:E7:C6:0A:71:95
1096,33,BN72121,10.22.221.121,10:E7:C6:0A:70:F3
1097,33,BN72122,10.22.221.122,10:E7:C6:0A:68:B0
1098,33,BN72123,10.22.221.123,10:E7:C6:07:21:2B
1099,33,BN72124,10.22.221.124,10:E7:C6:07:21:81
1100,33,BN72125,10.22.221.125,10:E7:C6:0A:70:6B
1101,33,BN72126,10.22.221.126,10:E7:C6:07:21:38
1102,33,BN72127,10.22.221.127,10:E7:C6:0A:70:96
1103,33,BN72128,10.22.221.128,10:E7:C6:0A:68:AD
1104,33,BN72129,10.22.221.129,10:E7:C6:07:21:2F
1105,33,BN72130,10.22.221.130,10:E7:C6:0A:72:32
1106,33,BN72131,10.22.221.131,10:E7:C6:07:21:20
1107,33,BN72132,10.22.221.132,10:E7:C6:07:20:D2
1108,33,BN72133,10.22.221.133,10:E7:C6:07:1E:59
1109,33,BN72134,10.22.221.134,10:E7:C6:0A:71:03
1110,33,BN72135,10.22.221.135,98:E7:F4:BB:7A:37
1111,33,BN72136,10.22.221.136,10:E7:C6:0A:6C:71
1112,33,BN72137,10.22.221.137,10:E7:C6:0A:71:07
1113,33,BN72138,10.22.221.138,10:E7:C6:0A:6C:65
1114,33,BN72139,10.22.221.139,10:E7:C6:0A:71:6F
1115,33,BN72140,10.22.221.140,10:E7:C6:0A:68:F2
1116,33,BN72141,10.22.221.141,10:E7:C6:0A:71:A2
1117,34,BN72201,10.22.222.101,C4:65:16:9B:AE:91
1118,34,BN72202,10.22.222.102,C4:65:16:9B:B3:E4
1119,34,BN72203,10.22.222.103,C4:65:16:9A:79:EA
1120,34,BN72204,10.22.222.104,C4:65:16:9B:B0:25
1121,34,BN72205,10.22.222.105,C4:65:16:B6:B7:D1
1122,34,BN72206,10.22.222.106,C4:65:16:9B:AF:6C
1123,34,BN72207,10.22.222.107,C4:65:16:B7:DA:D9
1124,34,BN72208,10.22.222.108,C4:65:16:9C:8F:5B
1125,34,BN72209,10.22.222.109,C4:65:16:9B:AE:9D
1126,34,BN72210,10.22.222.110,C4:65:16:B6:BB:1B
1127,34,BN72211,10.22.222.111,C4:65:16:B6:BE:EC
1128,34,BN72212,10.22.222.112,C4:65:16:9B:B0:24
1129,34,BN72213,10.22.222.113,84:A9:3E:0C:70:6F
1130,34,BN72214,10.22.222.114,C4:65:16:9B:B0:5D
1131,34,BN72215,10.22.222.115,C4:65:16:B7:CF:34
1132,34,BN72216,10.22.222.116,C4:65:16:9C:92:CB
1133,34,BN72217,10.22.222.117,C4:65:16:9C:8B:01
1134,34,BN72218,10.22.222.118,C4:65:16:B6:BF:54
1135,34,BN72219,10.22.222.119,C4:65:16:9C:8C:23
1136,34,BN72220,10.22.222.120,C4:65:16:9C:91:A9
1137,34,BN72221,10.22.222.121,C4:65:16:B7:DB:26
1138,34,BN72222,10.22.222.122,C4:65:16:9B:B4:46
1139,34,BN72223,10.22.222.123,C4:65:16:B8:0A:98
1140,34,BN72224,10.22.222.124,C4:65:16:9B:AE:61
1141,34,BN72225,10.22.222.125,C4:65:16:9B:B4:70
1142,34,BN72226,10.22.222.126,C4:65:16:9C:8B:09
1143,34,BN72227,10.22.222.127,C4:65:16:9B:A8:2E
1144,34,BN72228,10.22.222.128,C4:65:16:9B:AD:A0
1145,34,BN72229,10.22.222.129,C4:65:16:9A:FE:DF
1146,34,BN72230,10.22.222.130,C4:65:16:9B:AB:0E
1147,34,BN72231,10.22.222.131,C4:65:16:B6:BE:FB
1148,34,BN72232,10.22.222.132,C4:65:16:BF:CE:97
1149,34,BN72233,10.22.222.133,C4:65:16:9B:B5:A2
1150,34,BN72234,10.22.222.134,C4:65:16:B7:DB:20
1151,34,BN72235,10.22.222.135,C4:65:16:9B:AD:61
1152,34,BN72236,10.22.222.136,C4:65:16:9C:91:AE
1153,34,BN72237,10.22.222.137,C4:65:16:9C:91:86
1154,34,BN72238,10.22.222.138,C4:65:16:9C:8F:5C
1155,34,BN72239,10.22.222.139,C4:65:16:9B:AC:73
1156,34,BN72240,10.22.222.140,C4:65:16:9C:8C:2A
1157,34,BN72241,10.22.222.141,C4:65:16:9B:B3:E5
1158,35,BN72301,10.22.223.101,10:E7:C6:0A:71:96
1159,35,BN72302,10.22.223.102,10:E7:C6:07:21:97
1160,35,BN72303,10.22.223.103,10:E7:C6:0A:6C:72
1161,35,BN72304,10.22.223.104,10:E7:C6:0A:71:6E
1162,35,BN72305,10.22.223.105,10:E7:C6:0A:70:E6
1163,35,BN72306,10.22.223.106,10:E7:C6:07:21:15
1164,35,BN72307,10.22.223.107,10:E7:C6:07:20:DD
1165,35,BN72308,10.22.223.108,10:E7:C6:07:1E:6C
1166,35,BN72309,10.22.223.109,10:E7:C6:0A:71:08
1167,35,BN72310,10.22.223.110,10:E7:C6:0A:70:EA
1168,35,BN72311,10.22.223.111,10:E7:C6:07:21:12
1169,35,BN72312,10.22.223.112,10:E7:C6:07:21:1F
1170,35,BN72313,10.22.223.113,10:E7:C6:0A:71:0D
1171,35,BN72314,10.22.223.114,10:E7:C6:07:1E:3A
1172,35,BN72315,10.22.223.115,10:E7:C6:0A:68:CD
1173,35,BN72316,10.22.223.116,10:E7:C6:07:1E:35
1174,35,BN72317,10.22.223.117,10:E7:C6:0A:68:98
1175,35,BN72318,10.22.223.118,10:E7:C6:07:21:5A
1176,35,BN72319,10.22.223.119,10:E7:C6:07:20:62
1177,35,BN72320,10.22.223.120,10:E7:C6:0A:6B:F7
1178,35,BN72321,10.22.223.121,10:E7:C6:0A:70:5E
1179,35,BN72322,10.22.223.122,10:E7:C6:07:21:27
1180,35,BN72323,10.22.223.123,10:E7:C6:07:20:7A
1181,35,BN72324,10.22.223.124,10:E7:C6:0A:71:B5
1182,35,BN72325,10.22.223.125,10:E7:C6:07:22:B7
1183,35,BN72326,10.22.223.126,10:E7:C6:07:21:8D
1184,35,BN72327,10.22.223.127,10:E7:C6:0A:71:9E
1185,35,BN72328,10.22.223.128,10:E7:C6:0A:6C:64
1186,35,BN72329,10.22.223.129,10:E7:C6:0A:71:75
1187,35,BN72330,10.22.223.130,10:E7:C6:0A:66:9E
1189,35,BN72332,10.22.223.132,10:E7:C6:0A:68:BF
1190,35,BN72333,10.22.223.133,10:E7:C6:07:21:28
1191,35,BN72334,10.22.223.134,10:E7:C6:0A:71:6D
1192,35,BN72335,10.22.223.135,10:E7:C6:07:20:87
1193,35,BN72336,10.22.223.136,10:E7:C6:0A:71:8D
1194,35,BN72337,10.22.223.137,10:E7:C6:07:1E:54
1195,35,BN72338,10.22.223.138,10:E7:C6:0A:67:2E
1196,35,BN72339,10.22.223.139,10:E7:C6:07:21:63
1197,35,BN72340,10.22.223.140,10:E7:C6:0A:71:86
1198,35,BN72341,10.22.223.141,10:E7:C6:0A:72:15
1199,37,BN72501,10.22.225.101,10:E7:C6:07:20:D5
1200,37,BN72502,10.22.225.102,10:E7:C6:07:20:61
1201,37,BN72503,10.22.225.103,10:E7:C6:0A:71:85
1202,37,BN72504,10.22.225.104,10:E7:C6:0A:68:9A
1203,37,BN72505,10.22.225.105,10:E7:C6:0A:70:44
1204,37,BN72506,10.22.225.106,10:E7:C6:07:21:7E
1205,37,BN72507,10.22.225.107,10:E7:C6:0A:70:8A
1206,37,BN72508,10.22.225.108,10:E7:C6:0A:6B:F4
1207,37,BN72509,10.22.225.109,10:E7:C6:0A:72:48
1208,37,BN72510,10.22.225.110,10:E7:C6:07:26:34
1209,37,BN72511,10.22.225.111,10:E7:C6:07:1E:21
1210,37,BN72512,10.22.225.112,10:E7:C6:07:21:33
1211,37,BN72513,10.22.225.113,10:E7:C6:0A:71:78
1212,37,BN72514,10.22.225.114,10:E7:C6:07:1E:43
1213,37,BN72515,10.22.225.115,10:E7:C6:0A:71:7D
1214,37,BN72516,10.22.225.116,10:E7:C6:07:20:DF
1215,37,BN72517,10.22.225.117,10:E7:C6:0A:71:7B
1216,37,BN72518,10.22.225.118,10:E7:C6:07:21:07
1217,37,BN72519,10.22.225.119,10:E7:C6:0A:72:26
1218,37,BN72520,10.22.225.120,10:E7:C6:07:1E:3F
1219,37,BN72521,10.22.225.121,10:E7:C6:0A:6D:97
1220,37,BN72522,10.22.225.122,10:E7:C6:0A:71:B7
1221,37,BN72523,10.22.225.123,10:E7:C6:0A:72:3A
1222,37,BN72524,10.22.225.124,10:E7:C6:0A:6C:5C
1223,37,BN72525,10.22.225.125,10:E7:C6:07:1E:50
1224,37,BN72526,10.22.225.126,10:E7:C6:07:20:CC
1225,37,BN72527,10.22.225.127,10:E7:C6:07:20:57
1226,37,BN72528,10.22.225.128,10:E7:C6:0A:70:FD
1227,37,BN72529,10.22.225.129,10:E7:C6:0A:72:4B
1228,37,BN72530,10.22.225.130,10:E7:C6:07:21:32
1229,37,BN72531,10.22.225.131,10:E7:C6:07:20:D7
1230,37,BN72532,10.22.225.132,10:E7:C6:0A:71:AA
1231,37,BN72533,10.22.225.133,10:E7:C6:0A:71:A0
1232,37,BN72534,10.22.225.134,10:E7:C6:0A:71:91
1233,37,BN72535,10.22.225.135,10:E7:C6:0A:71:AB
1235,37,BN72537,10.22.225.137,10:E7:C6:0A:68:09
1236,37,BN72538,10.22.225.138,10:E7:C6:0A:72:43
1237,37,BN72539,10.22.225.139,10:E7:C6:07:1E:41
1238,37,BN72540,10.22.225.140,10:E7:C6:0A:6C:62
1239,37,BN72541,10.22.225.141,10:E7:C6:0A:6C:75
1240,38,BN72701,10.22.227.101,10:E7:C6:0A:72:5B
1241,38,BN72702,10.22.227.102,10:E7:C6:07:21:40
1242,38,BN72703,10.22.227.103,10:E7:C6:0A:68:B6
1243,38,BN72704,10.22.227.104,10:E7:C6:07:1E:39
1244,38,BN72705,10.22.227.105,10:E7:C6:07:20:EB
1245,38,BN72706,10.22.227.106,10:E7:C6:07:20:E6
1246,38,BN72707,10.22.227.107,10:E7:C6:07:21:7D
1247,38,BN72708,10.22.227.108,10:E7:C6:0A:70:FF
1248,38,BN72709,10.22.227.109,10:E7:C6:07:21:13
1249,38,BN72710,10.22.227.110,10:E7:C6:07:1E:32
1250,38,BN72711,10.22.227.111,10:E7:C6:0A:71:B4
1251,38,BN72712,10.22.227.112,10:E7:C6:07:21:9B
1252,38,BN72713,10.22.227.113,10:E7:C6:07:21:16
1253,38,BN72714,10.22.227.114,10:E7:C6:07:21:2D
1254,38,BN72715,10.22.227.115,10:E7:C6:0A:70:F8
1255,38,BN72716,10.22.227.116,10:E7:C6:07:1E:7E
1256,38,BN72717,10.22.227.117,10:E7:C6:07:1E:2D
1257,38,BN72718,10.22.227.118,10:E7:C6:07:20:D4
1258,38,BN72719,10.22.227.119,10:E7:C6:07:21:FB
1259,38,BN72720,10.22.227.120,10:E7:C6:0A:6B:E7
1260,38,BN72721,10.22.227.121,10:E7:C6:07:20:59
1261,38,BN72722,10.22.227.122,10:E7:C6:0A:72:45
1262,38,BN72723,10.22.227.123,10:E7:C6:06:96:01
1263,38,BN72724,10.22.227.124,10:E7:C6:07:20:6B
1264,38,BN72725,10.22.227.125,10:E7:C6:07:20:73
1265,38,BN72726,10.22.227.126,10:E7:C6:07:21:94
1266,38,BN72727,10.22.227.127,10:E7:C6:07:21:79
1267,38,BN72728,10.22.227.128,10:E7:C6:0A:72:2D
1268,38,BN72729,10.22.227.129,10:E7:C6:07:21:1B
1269,38,BN72730,10.22.227.130,10:E7:C6:07:21:39
1270,38,BN72731,10.22.227.131,10:E7:C6:0A:71:7A
1271,38,BN72732,10.22.227.132,10:E7:C6:0A:71:74
1272,38,BN72733,10.22.227.133,10:E7:C6:0A:70:FA
1273,38,BN72734,10.22.227.134,10:E7:C6:07:1E:25
1274,38,BN72735,10.22.227.135,10:E7:C6:0A:67:C4
1275,38,BN72736,10.22.227.136,10:E7:C6:07:20:88
1276,38,BN72737,10.22.227.137,10:E7:C6:0A:71:7C
1277,38,BN72738,10.22.227.138,10:E7:C6:0A:71:CB
1278,38,BN72739,10.22.227.139,10:E7:C6:07:21:18
1279,38,BN72740,10.22.227.140,10:E7:C6:0A:68:04
1280,38,BN72741,10.22.227.141,10:E7:C6:0A:71:B1
1281,39,BN72801,10.22.228.101,A0:D3:C1:0C:3E:CA
1282,39,BN72802,10.22.228.102,A0:D3:C1:21:D0:70
1283,39,BN72803,10.22.228.103,A0:48:1C:AB:CD:18
1284,39,BN72804,10.22.228.104,A0:D3:C1:20:D4:52
1285,39,BN72805,10.22.228.105,A0:D3:C1:20:D4:57
1286,39,BN72806,10.22.228.106,A0:D3:C1:0C:3F:59
1287,39,BN72807,10.22.228.107,A0:D3:C1:20:D3:FC
1288,39,BN72808,10.22.228.108,A0:D3:C1:1A:E1:FB
1289,39,BN72809,10.22.228.109,A0:D3:C1:20:D3:F6
1290,39,BN72810,10.22.228.110,A0:D3:C1:21:D0:2C
1291,39,BN72811,10.22.228.111,A0:D3:C1:0C:3F:1A
1292,39,BN72812,10.22.228.112,A0:D3:C1:1A:E1:FC
1293,39,BN72813,10.22.228.113,A0:D3:C1:20:D3:F3
1294,39,BN72814,10.22.228.114,A0:D3:C1:0C:3F:52
1295,39,BN72815,10.22.228.115,A0:D3:C1:20:D4:0B
1296,39,BN72816,10.22.228.116,A0:D3:C1:21:CE:64
1297,39,BN72817,10.22.228.117,A0:D3:C1:20:D3:D9
1298,39,BN72818,10.22.228.118,A0:D3:C1:21:D0:B4
1299,39,BN72819,10.22.228.119,A0:D3:C1:1A:E2:03
1300,39,BN72820,10.22.228.120,A0:D3:C1:0C:3F:11
1301,39,BN72821,10.22.228.121,A0:D3:C1:20:D3:F8
1302,39,BN72822,10.22.228.122,A0:D3:C1:20:D4:3A
1304,39,BN72824,10.22.228.124,A0:D3:C1:1A:E1:FE
1306,40,BN72901,10.22.229.101,10:E7:C6:0A:71:C7
1307,40,BN72902,10.22.229.102,10:E7:C6:07:21:10
1308,40,BN72903,10.22.229.103,10:E7:C6:07:26:65
1309,40,BN72904,10.22.229.104,10:E7:C6:0A:68:9B
1310,40,BN72905,10.22.229.105,10:E7:C6:07:1E:5A
1311,40,BN72906,10.22.229.106,10:E7:C6:0A:72:3C
1312,40,BN72907,10.22.229.107,10:E7:C6:0A:72:4A
1313,40,BN72908,10.22.229.108,10:E7:C6:0A:72:17
1315,40,BN72910,10.22.229.110,10:E7:C6:07:26:33
1316,40,BN72911,10.22.229.111,10:E7:C6:07:1E:3C
1317,40,BN72912,10.22.229.112,10:E7:C6:07:21:88
1318,40,BN72913,10.22.229.113,10:E7:C6:07:20:6A
1319,40,BN72914,10.22.229.114,10:E7:C6:07:1E:53
1320,40,BN72915,10.22.229.115,10:E7:C6:07:1E:24
1321,40,BN72916,10.22.229.116,10:E7:C6:07:21:A9
1322,40,BN72917,10.22.229.117,10:E7:C6:07:20:66
1323,40,BN72918,10.22.229.118,10:E7:C6:07:1E:3E
1324,40,BN72919,10.22.229.119,10:E7:C6:0A:71:B0
1325,40,BN72920,10.22.229.120,C8:D9:D2:89:BC:B0
1326,40,BN72921,10.22.229.121,10:E7:C6:0A:66:A7
1327,40,BN72922,10.22.229.122,10:E7:C6:0A:6B:EC
1328,40,BN72923,10.22.229.123,10:E7:C6:0A:6B:EB
1329,40,BN72924,10.22.229.124,10:E7:C6:07:1E:4B
1330,40,BN72925,10.22.229.125,10:E7:C6:07:21:A4
1331,40,BN72926,10.22.229.126,10:E7:C6:0A:72:78
1332,40,BN72927,10.22.229.127,10:E7:C6:0A:70:F5
1333,40,BN72928,10.22.229.128,10:E7:C6:07:22:07
1334,40,BN72929,10.22.229.129,10:E7:C6:0A:71:88
1335,40,BN72930,10.22.229.130,10:E7:C6:07:1E:55
1336,40,BN72931,10.22.229.131,10:E7:C6:0A:72:39
1337,40,BN72932,10.22.229.132,10:E7:C6:0A:71:C0
1338,40,BN72933,10.22.229.133,C8:D9:D2:89:C1:77
1339,40,BN72934,10.22.229.134,10:E7:C6:07:20:69
1340,40,BN72935,10.22.229.135,10:E7:C6:0A:71:97
1341,40,BN72936,10.22.229.136,10:E7:C6:0A:70:46
1342,40,BN72937,10.22.229.137,10:E7:C6:07:21:0A
1343,40,BN72938,10.22.229.138,10:E7:C6:07:21:29
1344,40,BN72939,10.22.229.139,10:E7:C6:0A:71:83
1345,40,BN72940,10.22.229.140,10:E7:C6:0A:68:DB
1346,40,BN72941,10.22.229.141,10:E7:C6:0A:71:9B
1347,41,BN73001,10.22.230.101,8C:DC:D4:23:74:63
1348,41,BN73002,10.22.230.102,8C:DC:D4:26:26:75
1349,41,BN73003,10.22.230.103,8C:DC:D4:23:74:EE
1350,41,BN73004,10.22.230.104,8C:DC:D4:26:26:CA
1351,41,BN73005,10.22.230.105,8C:DC:D4:23:75:E9
1352,41,BN73006,10.22.230.106,8C:DC:D4:26:29:14
1353,41,BN73007,10.22.230.107,8C:DC:D4:26:24:DB
1354,41,BN73008,10.22.230.108,8C:DC:D4:23:75:09
1355,41,BN73009,10.22.230.109,8C:DC:D4:26:27:94
1356,41,BN73010,10.22.230.110,8C:DC:D4:26:29:1F
1357,41,BN73011,10.22.230.111,8C:DC:D4:27:22:32
1358,41,BN73012,10.22.230.112,50:65:F3:51:0E:E8
1359,41,BN73013,10.22.230.113,8C:DC:D4:23:73:F7
1360,41,BN73014,10.22.230.114,8C:DC:D4:27:23:FF
1361,41,BN73015,10.22.230.115,8C:DC:D4:27:25:3D
1362,41,BN73016,10.22.230.116,8C:DC:D4:27:26:0F
1363,41,BN73017,10.22.230.117,8C:DC:D4:27:23:D8
1364,41,BN73018,10.22.230.118,8C:DC:D4:23:74:2D
1365,41,BN73019,10.22.230.119,8C:DC:D4:27:25:09
1366,41,BN73020,10.22.230.120,8C:DC:D4:27:24:D7
1367,41,BN73021,10.22.230.121,8C:DC:D4:26:26:60
1368,41,BN73022,10.22.230.122,8C:DC:D4:23:75:F6
1369,41,BN73023,10.22.230.123,8C:DC:D4:23:72:ED
1370,41,BN73024,10.22.230.124,8C:DC:D4:27:25:D4
1371,41,BN73025,10.22.230.125,8C:DC:D4:27:24:CC
1372,41,BN73026,10.22.230.126,8C:DC:D4:26:27:BF
1373,41,BN73027,10.22.230.127,8C:DC:D4:26:27:F1
1374,41,BN73028,10.22.230.128,8C:DC:D4:23:74:DD
1375,41,BN73029,10.22.230.129,8C:DC:D4:27:25:DC
1376,41,BN73030,10.22.230.130,8C:DC:D4:26:28:BC
1377,41,BN73031,10.22.230.131,8C:DC:D4:26:26:C4
1378,41,BN73032,10.22.230.132,8C:DC:D4:27:23:DC
1379,41,BN73033,10.22.230.133,8C:DC:D4:26:24:B8
1380,41,BN73034,10.22.230.134,8C:DC:D4:23:75:5C
1381,41,BN73035,10.22.230.135,8C:DC:D4:26:26:67
1382,41,BN73036,10.22.230.136,8C:DC:D4:26:27:C0
1383,41,BN73037,10.22.230.137,8C:DC:D4:27:23:EA
1384,41,BN73038,10.22.230.138,8C:DC:D4:26:27:72
1385,41,BN73039,10.22.230.139,8C:DC:D4:26:26:C6
1386,41,BN73040,10.22.230.140,8C:DC:D4:27:25:36
1387,42,BN73101,10.22.231.101,8C:DC:D4:23:73:D9
1388,42,BN73102,10.22.231.102,8C:DC:D4:26:28:68
1389,42,BN73103,10.22.231.103,8C:DC:D4:23:75:0A
1390,42,BN73104,10.22.231.104,8C:DC:D4:26:27:D0
1391,42,BN73105,10.22.231.105,8C:DC:D4:26:26:CE
1392,42,BN73106,10.22.231.106,8C:DC:D4:27:25:0A
1393,42,BN73107,10.22.231.107,8C:DC:D4:23:74:1B
1394,42,BN73108,10.22.231.108,8C:DC:D4:27:21:B3
1395,42,BN73109,10.22.231.109,8C:DC:D4:26:27:B9
1396,42,BN73110,10.22.231.110,8C:DC:D4:27:24:00
1397,42,BN73111,10.22.231.111,8C:DC:D4:26:26:C0
1398,42,BN73112,10.22.231.112,8C:DC:D4:23:72:C2
1399,42,BN73113,10.22.231.113,8C:DC:D4:23:74:F9
1400,42,BN73114,10.22.231.114,8C:DC:D4:23:75:D6
1401,42,BN73115,10.22.231.115,8C:DC:D4:27:23:D0
1402,42,BN73116,10.22.231.116,8C:DC:D4:23:73:C7
1403,42,BN73117,10.22.231.117,8C:DC:D4:26:29:10
1404,42,BN73118,10.22.231.118,8C:DC:D4:26:26:C7
1405,42,BN73119,10.22.231.119,8C:DC:D4:27:24:10
1406,42,BN73120,10.22.231.120,8C:DC:D4:26:27:C8
1407,42,BN73121,10.22.231.121,8C:DC:D4:23:74:07
1408,42,BN73122,10.22.231.122,8C:DC:D4:26:28:FE
1409,42,BN73123,10.22.231.123,8C:DC:D4:27:25:34
1410,42,BN73124,10.22.231.124,8C:DC:D4:27:22:4F
1411,42,BN73125,10.22.231.125,8C:DC:D4:26:26:69
1412,42,BN73126,10.22.231.126,8C:DC:D4:26:26:BF
1413,42,BN73127,10.22.231.127,8C:DC:D4:27:23:FE
1414,42,BN73128,10.22.231.128,8C:DC:D4:26:27:6D
1415,42,BN73129,10.22.231.129,8C:DC:D4:23:74:FB
1416,42,BN73130,10.22.231.130,8C:DC:D4:27:25:29
1417,42,BN73131,10.22.231.131,8C:DC:D4:26:25:1B
1418,42,BN73132,10.22.231.132,8C:DC:D4:26:24:A1
1419,42,BN73133,10.22.231.133,8C:DC:D4:23:74:D2
1420,42,BN73134,10.22.231.134,8C:DC:D4:26:27:BC
1421,42,BN73135,10.22.231.135,8C:DC:D4:26:26:C2
1422,42,BN73136,10.22.231.136,8C:DC:D4:26:27:43
1423,42,BN73137,10.22.231.137,8C:DC:D4:27:26:A7
1424,42,BN73138,10.22.231.138,8C:DC:D4:23:75:EE
1425,42,BN73139,10.22.231.139,8C:DC:D4:23:75:DB
1426,42,BN73140,10.22.231.140,8C:DC:D4:27:24:70
1448,2,BN60101,10.22.101.101,38:22:e2:1e:1f:d4
1449,2,BN60102,10.22.101.102,38:22:e2:1e:1f:db
1450,2,BN60103,10.22.101.103,38:22:e2:1c:ea:00
1451,2,BN60104,10.22.101.104,38:22:e2:1c:e9:d8
1452,2,BN60105,10.22.101.105,38:22:e2:1e:20:df
1453,2,BN60106,10.22.101.106,38:22:e2:1c:eb:46
1454,2,BN60107,10.22.101.107,38:22:e2:1e:1f:f7
1455,2,BN60108,10.22.101.108,38:22:e2:1e:20:14
1456,2,BN60109,10.22.101.109,38:22:e2:1c:eb:58
1457,2,BN60110,10.22.101.110,38:22:e2:1c:eb:1a
1458,2,BN60111,10.22.101.111,38:22:e2:1e:22:2f
1459,2,BN60112,10.22.101.112,38:22:e2:1e:22:2a
1460,2,BN60113,10.22.101.113,38:22:e2:1c:ea:d1
1461,2,BN60114,10.22.101.114,38:22:e2:1c:eb:42
1462,2,BN60115,10.22.101.115,38:22:e2:1e:22:31
1463,2,BN60116,10.22.101.116,38:22:e2:1c:eb:45
1464,2,BN60117,10.22.101.117,38:22:e2:1c:eb:17
1465,2,BN60118,10.22.101.118,38:22:e2:1e:22:1f
1466,2,BN60119,10.22.101.119,38:22:e2:1c:eb:8c
1467,2,BN60120,10.22.101.120,38:22:e2:1c:eb:90
1468,2,BN60121,10.22.101.121,38:22:e2:1e:22:35
1469,2,BN60122,10.22.101.122,38:22:e2:1e:25:d2
1470,2,BN60123,10.22.101.123,38:22:e2:1c:ea:b3
1471,2,BN60124,10.22.101.124,38:22:e2:1e:22:1a
1472,2,BN60125,10.22.101.125,38:22:e2:1c:eb:8e
1473,2,BN60126,10.22.101.126,38:22:e2:1e:22:1e
1474,2,BN60127,10.22.101.127,38:22:e2:1c:ea:fd
1475,2,BN60128,10.22.101.128,38:22:e2:1c:e3:f7
1476,2,BN60129,10.22.101.129,38:22:e2:1e:22:34
1477,2,BN60130,10.22.101.130,38:22:e2:1c:eb:43
1478,2,BN60131,10.22.101.131,38:22:e2:1c:e9:d7
1479,2,BN60132,10.22.101.132,38:22:e2:1c:eb:75
1480,2,BN60133,10.22.101.133,38:22:e2:1e:1f:dc
1481,2,BN60134,10.22.101.134,38:22:e2:1e:22:29
1482,2,BN60135,10.22.101.135,38:22:e2:1e:22:26
1483,2,BN60136,10.22.101.136,38:22:e2:1e:1f:f8
1484,2,BN60137,10.22.101.137,38:22:e2:1c:e8:e8
1485,2,BN60138,10.22.101.138,38:22:e2:1e:1f:d6
1486,2,BN60139,10.22.101.139,38:22:e2:1e:1f:d1
1487,2,BN60140,10.22.101.140,38:22:e2:1c:eb:93
1488,2,BN60141,10.22.101.141,38:22:e2:1c:e8:e7
1489,3,BN60201,10.22.102.101,C4:65:16:9B:01:2F
1490,3,BN60202,10.22.102.102,C4:65:16:9B:A8:FF
1491,3,BN60203,10.22.102.103,C4:65:16:9B:AE:94
1492,3,BN60204,10.22.102.104,C4:65:16:9A:82:5E
1493,3,BN60205,10.22.102.105,C4:65:16:B6:BE:24
1494,3,BN60206,10.22.102.106,C4:65:16:9A:83:EB
1495,3,BN60207,10.22.102.107,C4:65:16:B7:CE:25
1496,3,BN60208,10.22.102.108,C4:65:16:B7:D5:A6
1497,3,BN60209,10.22.102.109,C4:65:16:9C:95:10
1498,3,BN60210,10.22.102.110,C4:65:16:9A:78:13
1499,3,BN60211,10.22.102.111,C4:65:16:9B:A8:46
1500,3,BN60212,10.22.102.112,C4:65:16:9B:AA:3E
1501,3,BN60213,10.22.102.113,C4:65:16:B7:C5:E0
1502,3,BN60214,10.22.102.114,C4:65:16:9C:8A:27
1503,3,BN60215,10.22.102.115,C4:65:16:B6:BB:73
1504,3,BN60216,10.22.102.116,C4:65:16:9C:8E:8F
1505,3,BN60217,10.22.102.117,C4:65:16:9B:AC:30
1506,3,BN60218,10.22.102.118,C4:65:16:B7:CC:87
1507,3,BN60219,10.22.102.119,C4:65:16:B6:CA:CD
1508,3,BN60220,10.22.102.120,C4:65:16:B6:BB:24
1509,3,BN60221,10.22.102.121,C4:65:16:B6:B8:4C
1510,3,BN60222,10.22.102.122,C4:65:16:9B:AE:98
1511,3,BN60223,10.22.102.123,C4:65:16:B7:CE:C8
1512,3,BN60224,10.22.102.124,C4:65:16:B7:DB:25
1513,3,BN60225,10.22.102.125,C4:65:16:B6:BB:08
1514,3,BN60226,10.22.102.126,C4:65:16:B7:DA:D7
1515,3,BN60227,10.22.102.127,C4:65:16:9C:8F:4F
1516,3,BN60228,10.22.102.128,C4:65:16:B7:CA:09
1517,3,BN60229,10.22.102.129,C4:65:16:9A:F6:37
1518,3,BN60230,10.22.102.130,C4:65:16:B7:CE:32
1519,3,BN60231,10.22.102.131,C4:65:16:B6:BE:1E
1520,3,BN60232,10.22.102.132,C4:65:16:B7:C7:1B
1521,3,BN60233,10.22.102.133,C4:65:16:B6:BE:59
1522,3,BN60234,10.22.102.134,C4:65:16:B7:D9:A9
1523,3,BN60235,10.22.102.135,C4:65:16:9A:82:E2
1524,3,BN60236,10.22.102.136,C4:65:16:B6:BE:57
1525,3,BN60237,10.22.102.137,C4:65:16:B6:BE:66
1526,3,BN60238,10.22.102.138,C4:65:16:B7:CF:30
1527,3,BN60239,10.22.102.139,C4:65:16:B7:CF:2E
1528,3,BN60240,10.22.102.140,C4:65:16:9B:A8:28
1529,3,BN60241,10.22.102.141,C4:65:16:B6:B9:A3
1530,24,BN63001,10.22.130.101,10:E7:C6:0A:72:1E
1531,24,BN63002,10.22.130.102,10:E7:C6:07:23:1F
1532,24,BN63003,10.22.130.103,10:E7:C6:0A:68:C8
1533,24,BN63004,10.22.130.104,10:E7:C6:07:21:17
1534,24,BN63005,10.22.130.105,10:E7:C6:0A:68:DF
1535,24,BN63006,10.22.130.106,10:E7:C6:0A:68:F1
1536,24,BN63007,10.22.130.107,10:E7:C6:07:21:23
1537,24,BN63008,10.22.130.108,10:E7:C6:0A:68:CA
1538,24,BN63009,10.22.130.109,10:E7:C6:07:21:66
1539,24,BN63010,10.22.130.110,10:E7:C6:0A:68:BA
1540,24,BN63011,10.22.130.111,10:E7:C6:0A:71:99
1541,24,BN63012,10.22.130.112,10:E7:C6:0A:71:0B
1542,24,BN63013,10.22.130.113,10:E7:C6:0A:70:6A
1543,24,BN63014,10.22.130.114,10:E7:C6:0A:68:EF
1544,24,BN63015,10.22.130.115,10:E7:C6:0A:68:B2
1545,24,BN63016,10.22.130.116,10:E7:C6:0A:67:04
1546,24,BN63017,10.22.130.117,10:E7:C6:0A:70:FC
1547,24,BN63018,10.22.130.118,10:E7:C6:0A:68:C6
1548,24,BN63019,10.22.130.119,10:E7:C6:07:21:09
1549,24,BN63020,10.22.130.120,10:E7:C6:0A:71:98
1550,24,BN63021,10.22.130.121,10:E7:C6:07:21:35
1551,24,BN63022,10.22.130.122,10:E7:C6:07:20:5D
1552,24,BN63023,10.22.130.123,10:E7:C6:07:21:44
1553,24,BN63024,10.22.130.124,10:E7:C6:07:20:DC
1554,24,BN63025,10.22.130.125,10:E7:C6:07:21:77
1555,24,BN63026,10.22.130.126,10:E7:C6:07:21:0D
1556,24,BN63027,10.22.130.127,10:E7:C6:07:26:4F
1557,24,BN63029,10.22.130.129,10:E7:C6:0A:63:F4
1558,24,BN63030,10.22.130.130,10:E7:C6:0A:71:04
1559,24,BN63031,10.22.130.131,10:E7:C6:0A:6C:66
1560,24,BN63033,10.22.130.133,10:E7:C6:0A:72:38
1561,24,BN63034,10.22.130.134,10:E7:C6:07:20:58
1562,24,BN63035,10.22.130.135,10:E7:C6:0A:70:F1
1563,24,BN63036,10.22.130.136,10:E7:C6:0A:71:84
1564,24,BN63037,10.22.130.137,10:E7:C6:0A:71:C1
1565,24,BN63038,10.22.130.138,10:E7:C6:07:22:79
1566,24,BN63039,10.22.130.139,10:E7:C6:0A:70:FE
1567,24,BN63040,10.22.130.140,10:E7:C6:07:21:6C
1568,29,BN70601,10.22.206.101,18:60:24:97:8E:6D
1569,29,BN70602,10.22.206.102,18:60:24:97:8E:2E
1570,29,BN70603,10.22.206.103,18:60:24:97:8E:15
1571,29,BN70604,10.22.206.104,18:60:24:98:44:B1
1572,29,BN70605,10.22.206.105,18:60:24:97:8E:CA
1573,29,BN70606,10.22.206.106,18:60:24:97:8E:C9
1574,29,BN70607,10.22.206.107,18:60:24:97:8E:AF
1575,29,BN70608,10.22.206.108,18:60:24:96:8D:A1
1576,29,BN70609,10.22.206.109,18:60:24:97:8E:CD
1577,29,BN70610,10.22.206.110,3C:52:82:73:A1:D3
1578,29,BN70611,10.22.206.111,18:60:24:89:B6:8F
1579,29,BN70612,10.22.206.112,18:60:24:97:8E:26
1580,29,BN70613,10.22.206.113,18:60:24:98:43:F9
1581,29,BN70614,10.22.206.114,18:60:24:98:44:A6
1582,29,BN70615,10.22.206.115,18:60:24:98:44:11
1583,29,BN70616,10.22.206.116,18:60:24:97:8E:8B
1584,29,BN70617,10.22.206.117,18:60:24:98:44:07
1585,29,BN70618,10.22.206.118,18:60:24:98:43:EE
1586,29,BN70619,10.22.206.119,18:60:24:97:8E:71
1587,29,BN70620,10.22.206.120,18:60:24:98:44:0D
1588,29,BN70621,10.22.206.121,18:60:24:96:8E:16
1589,29,BN70622,10.22.206.122,18:60:24:97:8E:2D
1590,29,BN70623,10.22.206.123,18:60:24:97:8E:30
1591,29,BN70624,10.22.206.124,18:60:24:96:8D:7E
1592,29,BN70625,10.22.206.125,18:60:24:96:8D:ED
1593,29,BN70626,10.22.206.126,18:60:24:97:8E:A9
1594,29,BN70627,10.22.206.127,18:60:24:97:8E:CB
1595,29,BN70628,10.22.206.128,18:60:24:97:8E:BE
1596,29,BN70629,10.22.206.129,18:60:24:98:44:08
1597,29,BN70630,10.22.206.130,18:60:24:98:44:06
1598,29,BN70631,10.22.206.131,18:60:24:97:8E:2C
1600,29,BN70634,10.22.206.134,18:60:24:97:8E:2F
1601,29,BN70635,10.22.206.135,18:60:24:98:44:A9
1602,29,BN70636,10.22.206.136,18:60:24:98:44:AB
1603,29,BN70637,10.22.206.137,18:60:24:97:8E:B1
1604,29,BN70638,10.22.206.138,18:60:24:98:44:0C
1605,29,BN70639,10.22.206.139,18:60:24:97:8E:A6
1606,29,BN70640,10.22.206.140,18:60:24:97:8E:A7
1607,29,BN70641,10.22.206.141,18:60:24:97:8E:11
1608,29,BN70633,10.22.206.133,18:60:24:97:8E:BC
1609,24,BN63041,10.22.130.141,10:E7:C6:0A:70:E7
1610,40,BN72909,10.22.229.109,10:E7:C6:07:23:17
1611,9,BN60807,10.22.108.107,C4:65:16:B7:CF:E4
1612,35,BN72331,10.22.223.131,10:E7:C6:07:21:7C
1613,37,BN72536,10.22.225.136,10:E7:C6:0A:71:A6
1676,44,BMCA031401,10.38.22.101,10:E7:C6:0A:70:F7
1677,44,BMCA031402,10.38.22.102,10:E7:C6:0A:68:95
1678,44,BMCA031403,10.38.22.103,10:E7:C6:0A:70:E5
1679,44,BMCA031404,10.38.22.104,10:E7:C6:0A:70:B3
1680,44,BMCA031405,10.38.22.105,10:E7:C6:07:1E:2B
1681,44,BMCA031406,10.38.22.106,10:E7:C6:0A:71:9F
1682,44,BMCA031407,10.38.22.107,10:E7:C6:07:21:3E
1683,44,BMCA031408,10.38.22.108,10:E7:C6:0A:71:B2
1684,44,BMCA031409,10.38.22.109,10:E7:C6:0A:68:97
1685,44,BMCA031410,10.38.22.110,10:E7:C6:0A:68:93
1686,44,BMCA031411,10.38.22.111,10:E7:C6:07:21:1D
1687,44,BMCA031412,10.38.22.112,10:E7:C6:0A:68:C5
1688,44,BMCA031413,10.38.22.113,10:E7:C6:07:1F:87
1689,44,BMCA031414,10.38.22.114,10:E7:C6:0A:68:DE
1690,44,BMCA031415,10.38.22.115,10:E7:C6:0A:64:16
1691,44,BMCA031416,10.38.22.116,10:E7:C6:0A:72:1B
1692,44,BMCA031417,10.38.22.117,10:E7:C6:0A:72:41
1693,44,BMCA031418,10.38.22.118,10:E7:C6:07:21:11
1694,44,BMCA031419,10.38.22.119,10:E7:C6:0A:71:81
1695,44,BMCA031420,10.38.22.120,10:E7:C6:07:1F:88
1696,44,BMCA031421,10.38.22.121,10:E7:C6:0A:70:89
1697,44,BMCA031422,10.38.22.122,10:E7:C6:0A:70:CA
1698,44,BMCA031423,10.38.22.123,10:E7:C6:0A:71:8C
1699,44,BMCA031424,10.38.22.124,10:E7:C6:07:1E:57
1700,44,BMCA031425,10.38.22.125,10:E7:C6:07:20:D9
1701,44,BMCA031426,10.38.22.126,10:E7:C6:0A:64:11
1702,44,BMCA031427,10.38.22.127,10:E7:C6:0A:70:C9
1703,44,BMCA031428,10.38.22.128,10:E7:C6:0A:6B:DD
1704,44,BMCA031429,10.38.22.129,10:E7:C6:0A:70:5C
1705,44,BMCA031430,10.38.22.130,10:E7:C6:0A:70:F6
1706,44,BMCA031431,10.38.22.131,10:E7:C6:0A:72:23
1707,45,BMCA031701,10.38.23.101,10:E7:C6:0A:71:9C
1708,45,BMCA031702,10.38.23.102,10:E7:C6:0A:68:C7
1709,45,BMCA031703,10.38.23.103,10:E7:C6:07:21:A3
1710,45,BMCA031704,10.38.23.104,10:E7:C6:07:1E:42
1711,45,BMCA031705,10.38.23.105,10:E7:C6:0A:70:4F
1712,45,BMCA031706,10.38.23.106,10:E7:C6:0A:72:14
1713,45,BMCA031707,10.38.23.107,10:E7:C6:07:21:8C
1714,45,BMCA031708,10.38.23.108,10:E7:C6:0A:71:0A
1715,45,BMCA031709,10.38.23.109,10:E7:C6:0A:71:12
1716,45,BMCA031710,10.38.23.110,10:E7:C6:0A:70:D9
1717,45,BMCA031711,10.38.23.111,10:E7:C6:07:20:E2
1718,45,BMCA031712,10.38.23.112,10:E7:C6:0A:71:06
1719,45,BMCA031713,10.38.23.113,10:E7:C6:07:1E:23
1720,45,BMCA031714,10.38.23.114,10:E7:C6:0A:71:AE
1721,45,BMCA031715,10.38.23.115,10:E7:C6:0A:6C:88
1722,45,BMCA031716,10.38.23.116,10:E7:C6:07:26:4A
1723,45,BMCA031717,10.38.23.117,10:E7:C6:0A:68:DA
1724,45,BMCA031718,10.38.23.118,10:E7:C6:0A:6C:63
1725,45,BMCA031719,10.38.23.119,10:E7:C6:0A:66:B1
1726,45,BMCA031720,10.38.23.120,10:E7:C6:0A:68:9D
1727,45,BMCA031721,10.38.23.121,10:E7:C6:0A:70:E9
1728,45,BMCA031722,10.38.23.122,10:E7:C6:0A:68:56
1729,45,BMCA031723,10.38.23.123,10:E7:C6:07:1E:2F
1730,45,BMCA031724,10.38.23.124,10:E7:C6:0A:70:63
1731,45,BMCA031725,10.38.23.125,10:E7:C6:07:21:8A
1732,45,BMCA031726,10.38.23.126,10:E7:C6:0A:68:CE
1733,45,BMCA031727,10.38.23.127,10:E7:C6:0A:70:E4
1734,45,BMCA031728,10.38.23.128,10:E7:C6:0A:63:5D
1735,45,BMCA031729,10.38.23.129,10:E7:C6:07:21:25
1736,45,BMCA031730,10.38.23.130,10:E7:C6:0A:71:6B
1737,45,BMCA031731,10.38.23.131,10:E7:C6:07:26:45
1739,5,BN60439,10.22.104.139,C4:65:16:B7:DA:BD
1740,8,BN60737,10.22.107.137,DC:4A:3E:6C:C6:BC
1741,39,BN72823,10.22.228.123,A0:D3:C1:1A:E2:21
1742,24,BN63028,10.22.130.128,98:E7:F4:BB:75:05
1743,24,BN63032,10.22.130.132,10:E7:C6:07:23:07
1744,29,BN70632,10.22.206.132,18:60:24:98:44:A2
1765,36,BN72401,10.22.224.101,10:E7:C6:07:23:23
1766,36,BN72402,10.22.224.102,10:E7:C6:07:22:88
1767,36,BN72403,10.22.224.103,10:E7:C6:07:22:0F
1768,36,BN72404,10.22.224.104,10:E7:C6:07:23:08
1769,36,BN72405,10.22.224.105,10:E7:C6:07:21:F0
1770,36,BN72406,10.22.224.106,10:E7:C6:07:22:8C
1771,36,BN72407,10.22.224.107,10:E7:C6:07:22:B9
1772,36,BN72408,10.22.224.108,10:E7:C6:07:23:14
1773,36,BN72409,10.22.224.109,10:E7:C6:07:22:0D
1774,36,BN72410,10.22.224.110,10:E7:C6:07:23:35
1775,36,BN72411,10.22.224.111,10:E7:C6:07:22:99
1776,36,BN72412,10.22.224.112,10:E7:C6:07:21:EC
1777,36,BN72413,10.22.224.113,10:E7:C6:07:23:20
1778,36,BN72414,10.22.224.114,10:E7:C6:07:22:08
1779,36,BN72415,10.22.224.115,10:E7:C6:07:23:10
1780,36,BN72416,10.22.224.116,10:E7:C6:07:26:6D
1781,36,BN72417,10.22.224.117,10:E7:C6:07:20:8E
1782,36,BN72418,10.22.224.118,10:E7:C6:07:21:EE
1783,36,BN72419,10.22.224.119,10:E7:C6:07:26:62
1784,36,BN72420,10.22.224.120,10:E7:C6:07:23:16
1785,47,BMCA0503,10.38.11.53,18:60:24:22:55:A1
1786,47,BMCA0506,10.38.11.56,18-60-24-22-54-A8
1787,47,BMCA0507,10.38.11.57,18-60-24-22-55-20
1788,47,BMCA0508,10.38.11.58,18-60-24-22-55-90
1789,47,BMCA0511,10.38.11.61,18-60-24-22-54-D1
1790,47,BMCA0512,10.38.11.62,18-60-24-22-55-97
1791,47,BMCA0516,10.38.11.66,18:60:24:22:54:AD
1792,47,BMCA0408,10.38.11.8,10-62-E5-09-3C-30
1793,47,BMCA0409,10.38.11.9,18-60-24-22-55-57
1794,47,BMCA0411,10.38.11.11,18-60-24-22-55-58
1795,47,BMCA0412,10.38.11.12,18:60:24:22:54:54
1796,47,BMCA0413,10.38.11.13,18:60:24:22:54:4D
1797,12,laptop,10.22.65.180,B4-B6-86-E2-08-80
1798,48,BMCA031501,10.38.25.101,C4:65:16:9C:89:D3
1799,48,BMCA031502,10.38.25.102,C4:65:16:9C:8E:7F
1800,48,BMCA031503,10.38.25.103,C4:65:16:9C:8A:17
1801,48,BMCA031504,10.38.25.104,C4:65:16:9C:96:05
1802,48,BMCA031505,10.38.25.105,C4:65:16:9B:A8:9B
1803,48,BMCA031506,10.38.25.106,C4:65:16:9C:8E:B7
1804,48,BMCA031507,10.38.25.107,C4:65:16:9B:A8:B2
1805,48,BMCA031508,10.38.25.108,C4:65:16:9C:8A:FF
1806,48,BMCA031509,10.38.25.109,C4:65:16:9C:8A:0C
1807,48,BMCA031510,10.38.25.110,C4:65:16:9B:B5:8E
1808,48,BMCA031511,10.38.25.111,C4:65:16:9C:8A:18
1809,48,BMCA031512,10.38.25.112,C4:65:16:9C:90:B2
1810,48,BMCA031513,10.38.25.113,C4:65:16:9B:AB:0F
1811,48,BMCA031514,10.38.25.114,C4:65:16:9B:AD:43
1812,48,BMCA031515,10.38.25.115,C4:65:16:9C:8F:50
1813,48,BMCA031516,10.38.25.116,C4:65:16:9C:8D:17
1814,48,BMCA031517,10.38.25.117,C4:65:16:9C:99:62
1815,48,BMCA031518,10.38.25.118,C4:65:16:9B:B0:A1
1816,48,BMCA031519,10.38.25.119,C4:65:16:9B:B1:A6
1817,48,BMCA031520,10.38.25.120,C4:65:16:9C:91:C0
1818,48,BMCA031521,10.38.25.121,C4:65:16:9C:91:B0
1819,48,BMCA031522,10.38.25.122,C4:65:16:9B:B5:70
1820,48,BMCA031523,10.38.25.123,C4:65:16:9C:8F:38
1821,48,BMCA031524,10.38.25.124,C4:65:16:9B:AD:15
1822,48,BMCA031525,10.38.25.125,C4:65:16:9B:A8:B3
1823,48,BMCA031526,10.38.25.126,C4:65:16:9B:AD:45
1824,48,BMCA031527,10.38.25.127,C4:65:16:9B:AD:A7
1825,48,BMCA031528,10.38.25.128,C4:65:16:9B:AE:A2
1826,48,BMCA031529,10.38.25.129,C4:65:16:A3:8E:D8
1827,48,BMCA031530,10.38.25.130,C4:65:16:9C:8E:E6
1828,48,BMCA031531,10.38.25.131,C4:65:16:9B:AC:C7
1829,13,BN61341,10.22.113.141,C4:65:16:9C:8F:21
1830,47,BMCA0504,10.38.11.54,C4:65:16:9B:02:0C
1831,47,BMCA0513,10.38.11.63,C4:65:16:9B:02:1C
1832,57,TV Wall Admisi,10.38.11.205,18:60:24:22:54:43
1833,57,TV Wall SC,10.38.11.203,18:60:24:22:54:b8
1834,57,TV Wall LC,10.38.11.204,18:60:24:22:54:3C
1835,57,TV Wall LT 2B,10.38.11.202,18:60:24:21:BD:DE
1836,57,TV Wall LT 1B,10.38.11.201,18:60:24:22:54:CA
1837,50,SC-ELSA,10.38.17.40,48:0F:CF:65:16:B1
1838,51,Rektorat-Beka,10.38.20.67,48:0F:CF:66:0F:6C
1839,50,SC-MEGA,10.38.17.67,48:0F:CF:64:28:97
1840,50,SC-Yohana,10.38.17.50,48:0F:CF:64:28:99
1841,46,IF,10.38.10.77,DC:4A:3E:7B:F8:F7
1842,46,ZA,10.38.10.91,48:0F:CF:63:E9:3B
1843,52,LSC-Rini,10.38.12.66,48:0F:CF:64:28:98
1844,52,LSC-Dian,10.38.12.69,64:51:06:45:B7:92
1845,46,YG,10.38.10.151,48:0F:CF:63:E9:2B
1846,46,YN,10.38.10.101,48:0F:CF:64:28:A0
1847,46,MN,10.38.10.254,48:0F:CF:65:16:AB
1848,53,LKC-Theo,10.38.16.64,48:0F:CF:66:0F:64
1849,53,LKC-Darma,10.38.16.222,8C:DC:D4:2A:0C:BD
1853,1,AE,10.22.66.104,A0:48:1C:79:C2:88
1855,12,AP,10.22.65.3,8C:DC:D4:33:AF:D9
1856,12,KS,10.22.65.80,8C:DC:D4:34:2C:E8
1857,12,LY,10.22.65.133,8C:DC:D4:34:2C:EF
1858,12,CN,10.22.65.130,8C:DC:D4:34:2C:E0
1859,49,FN,10.22.69.52,88:51:FB:5C:17:C1
1860,1,AO,10.22.66.120,6C:3B:E5:2C:FB:F0
1861,27,KE,10.22.68.103,88:51:FB:5B:57:1A
1862,1,RM,10.22.66.55,A0:D3:C1:1A:E1:F9
1863,1,KV,10.22.66.37,A0:D3:C1:21:C4:00
1864,49,LI,10.22.69.102,A0-D3-C1-21-D0-A8
1865,49,HY,10.22.69.93,8C:DC:D4:34:2C:E9
1866,1,CL,10.22.66.115,A0:D3:C1:0C:3F:17
1867,28,RJ,10.22.70.7,A0:D3:C1:1A:E0:A9
1868,27,GB,10.22.68.102,88:51:FB:5C:17:B9
1869,49,CY,10.22.69.96,8C:DC:D4:33:B0:47
1870,1,SW,10.22.66.39,88:51:FB:5B:57:A3
1871,1,AH,10.22.66.128,A0:D3:C1:21:D0:B6
1872,1,PB,10.22.66.36,8C:DC:D4:33:B0:44
1873,1,AS,10.22.66.38,A0:D3:C1:21:D0:69
1874,49,DN,10.22.69.60,A0-D3-C1-34-B0-C2
1875,28,DF,10.22.70.3,88:51:FB:5C:17:BD
1876,1,GN,10.22.66.125,A0:D3:C1:0C:3E:18
1877,28,JA,10.22.70.5,A0:D3:C1:0C:3F:29
1878,12,KY,10.22.65.145,8C:DC:D4:33:AF:CF
1879,1,AM,10.22.66.40,A0:D3:C1:21:D0:5F
1880,1,DD,10.22.66.34,A0:D3:C1:21:D0:79
1881,49,NP,10.22.69.94,8C:DC:D4:34:2D:19
1883,28,JN,10.22.70.2,40:A8:F0:3D:25:7E
1884,26,TO,10.22.66.42,88:51:FB:5B:5A:02
1885,1,EV,10.22.66.59,A0:D3:C1:21:D0:6F
1886,49,DL,10.22.69.76,8C:DC:D4:34:2C:80
1887,1,GU,10.22.66.141,A0:D3:C1:20:D4:1E
1888,12,KI,10.22.65.147,8C:DC:D4:33:AF:D5
1889,12,RY,10.22.65.128,8C:DC:D4:34:2C:7F
1890,12,LD,10.22.65.140,8C:DC:D4:34:29:FD
1891,49,NS,10.22.69.77,8C:DC:D4:33:B0:6B
1892,49,ID,10.22.69.101,6C:3B:E5:2A:49:EB
1896,49,RK,10.22.69.87,6C:3B:E5:1C:B2:38
1898,1,LV,10.22.66.68,A0:D3:C1:1A:E1:FA
1899,12,LW,10.22.65.2,8C:DC:D4:34:2D:12
1900,54,BHM-Ganang,10.38.24.43,48:0F:CF:65:16:B5
1901,49,RW,10.22.69.103,6C:3B:E5:20:A4:02
1902,50,SC-Kania,10.38.17.66,48:0F:CF:66:0F:5F
1903,12,BN61102,10.22.65.185,00:0C:29:88:10:50
1904,14,BN61437,10.22.114.137,C4:65:16:9B:A8:FE
1905,32,BN71111,10.22.211.111,a8:60:b6:0a:27:f5
1906,32,BN71118,10.22.211.118,a8:60:b6:15:7d:d4
1907,12,RL,10.22.65.11,8C:DC:D4:34:2C:6A
1908,12,JU,10.22.65.15,8C:DC:D4:34:2C:CD
1909,12,DR,10.22.69.67,88:51:FB:5B:57:B0
1911,27,RZ,10.22.68.98,A0:D3:C1:34:B0:C5
1913,12,CP,10.22.65.10,8C:DC:D4:33:B0:2D
1914,12,HR,10.22.65.135,8C:DC:D4:34:2C:9D
1915,27,NH,10.22.68.200,88:51:FB:5C:17:BB
1916,12,SK,10.22.65.153,8C:DC:D4:33:B0:3D
1919,1,TJ,10.22.66.32,A0:D3:C1:21:D0:A9
1920,1,CT,10.22.66.82,40:A8:F0:44:C6:DD
1921,1,HS,10.22.66.24,8C:DC:D4:33:B0:37
1922,27,SS,10.22.68.250,88:51:FB:5C:17:C1
1923,49,CS,10.22.69.62,A0:D3:C1:15:A1:C2
1924,32,BN71101,10.22.211.101,a8:60:b6:0a:22:4d
1925,32,BN71102,10.22.211.102,a8:60:b6:07:66:b3
1926,32,BN71103,10.22.211.103,a8:60:b6:0a:26:89
1927,32,BN71104,10.22.211.104,a8:60:b6:0a:22:fa
1928,32,BN71105,10.22.211.105,a8:60:b6:0a:27:e2
1929,32,BN71106,10.22.211.106,a8:60:b6:0a:26:e0
1930,32,BN71107,10.22.211.107,a8:60:b6:0a:25:ec
1931,32,BN71108,10.22.211.108,a8:60:b6:0a:27:3f
1932,32,BN71109,10.22.211.109,a8:60:b6:0a:21:e7
1933,32,BN71110,10.22.211.110,a8:60:b6:0a:27:6b
1934,32,BN71112,10.22.211.112,a8:60:b6:0a:26:e3
1935,32,BN71113,10.22.211.113,a8:60:b6:15:7d:b0
1936,32,BN71114,10.22.211.114,a8:60:b6:0a:22:f1
1937,32,BN71115,10.22.211.115,a8:60:b6:0a:25:ef
1938,32,BN71116,10.22.211.116,a8:60:b6:15:b3:0f
1939,32,BN71117,10.22.211.117,a8:60:b6:15:7d:93
1940,32,BN71119,10.22.211.119,a8:60:b6:0a:22:fd
1941,55,BMCA031601,10.38.29.101,C4:65:16:9A:8D:29
1942,55,BMCA031602,10.38.29.102,C4:65:16:9C:98:D1
1943,55,BMCA031603,10.38.29.103,C4:65:16:9C:99:77
1944,55,BMCA031604,10.38.29.104,C4:65:16:9C:97:1D
1945,55,BMCA031605,10.38.29.105,C4:65:16:9C:99:7A
1946,55,BMCA031606,10.38.29.106,C4:65:16:9B:A9:92
1947,55,BMCA031607,10.38.29.107,C4:65:16:9C:99:69
1948,55,BMCA031608,10.38.29.108,C4:65:16:9C:98:A4
1949,55,BMCA031609,10.38.29.109,C4:65:16:9B:A9:93
1950,55,BMCA031610,10.38.29.110,C4:65:16:9C:99:6D
1951,55,BMCA031611,10.38.29.111,C4:65:16:9C:99:2F
1952,55,BMCA031612,10.38.29.112,C4:65:16:9C:8D:AB
1953,55,BMCA031613,10.38.29.113,C4:65:16:9C:8D:45
1954,55,BMCA031614,10.38.29.114,C4:65:16:9C:92:76
1955,55,BMCA031615,10.38.29.115,C4:65:16:9C:99:5B
1956,55,BMCA031616,10.38.29.116,C4:65:16:9B:AD:F8
1957,55,BMCA031617,10.38.29.117,C4:65:16:9C:8D:69
1958,55,BMCA031618,10.38.29.118,C4:65:16:9C:97:BF
1959,55,BMCA031619,10.38.29.119,C4:65:16:9C:95:CF
1960,55,BMCA031620,10.38.29.120,C4:65:16:9C:99:B7
1961,55,BMCA031621,10.38.29.121,C4:65:16:9C:96:0E
1962,55,BMCA031622,10.38.29.122,C4:65:16:9C:8D:98
1963,55,BMCA031623,10.38.29.123,C4:65:16:9C:8B:22
1964,55,BMCA031624,10.38.29.124,C4:65:16:9C:98:E5
1965,55,BMCA031625,10.38.29.125,C4:65:16:9C:99:64
1966,55,BMCA031626,10.38.29.126,C4:65:16:9C:99:82
1967,55,BMCA031627,10.38.29.127,C4:65:16:9C:96:86
1968,55,BMCA031628,10.38.29.128,C4:65:16:9C:98:CB
1969,55,BMCA031629,10.38.29.129,C4:65:16:9C:93:05
1970,55,BMCA031630,10.38.29.130,C4:65:16:9C:99:9C
1971,55,BMCA031631,10.38.29.131,C4:65:16:9C:91:FB
1972,12,DUDE,10.22.65.250,08:62:66:A4:23:09
1973,52,LSC-Chantika,10.38.12.68,48:0F:CF:63:E9:37
1979,52,LSC-Faisal,10.38.12.65,48:0F:CF:63:E9:27
1980,52,LSC-Sonya,10.38.12.64,8C:DC:D4:23:7A:F6
1982,56,MKT-Adit,10.38.14.70,8C:DC:D4:27:2F:E6
1983,56,MKT-Evan,10.38.14.69,8C:DC:D4:2A:0D:83
1984,53,LKC-Faishal,10.38.16.66,A0:48:1C:92:2B:0F
1985,53,LKC-Norma,10.38.16.65,8C:DC:D4:27:24:DB
1986,47,BMCA0407,10.38.11.7,B0:5C:DA:28:67:CF
1987,47,BMCA0410,10.38.11.10,38:22:E2:1C:EC:59
1989,12,BNXXXXX,10.22.65.199,30:9C:23:2D:D0:F4
1990,47,BMCA05014,10.38.11.64,B0:5C:DA:28:67:D1
